vehiculo_marca,vehiculo_modelo,vehiculo_tipo,vehiculo_traccion,vehiculo_cilindrada,vehiculo_tipo_transmision,vehiculo_tipo_combustible,vehiculo_standard_emision,emision_CO2,consumo_urbano,consumo_extraurbano,consumo_mixto
TOYOTA,LAND CRUISER 200,SUV,4x4,4461.0,AUTOMATICA,GAS OIL,EURO V,260.7,11.56,8.94,9.9
RENAULT,FLUENCE 2.0 16V,4 Puertas,4x2,1997.0,CVT,NAFTA,EURO V,175.4,10.5,6.1,7.7
RENAULT,DUSTER 2.0 16v,5 Puertas,4x2,1998.0,MANUAL,NAFTA,EURO V,198.86,11.13,6.98,8.52
RENAULT,DUSTER 2.0 16v 4X4,5 Puertas,4x4,1998.0,MANUAL,NAFTA,EURO V,199.74,11.2,7.01,8.55
CITROËN,DS4,Coupe,4x2,1598.0,AUTOMATICA,NAFTA,EURO V,177.6,10.6,6.0,7.7
CITROËN,DS3,Coupe,4x2,1598.0,MANUAL,NAFTA,EURO V,140.8,8.2,4.7,6.0
LEXUS,GS450H,4 Puertas,4x2,3456.0,CVT,NAFTA / ELECTRICIDAD,EURO V,145.0,6.6,5.9,6.2
CITROËN,DS3,Coupe,4x2,1598.0,MANUAL,NAFTA,EURO V,141.2,8.0,4.9,6.0
PEUGEOT,208,5 Puertas,4x2,1587.0,MANUAL,NAFTA,EURO V,173.77,10.17,5.84,7.44
TOYOTA,RAV4,SUV,4x4,2494.0,AUTOMATICA,NAFTA,EURO V,197.7,11.4,6.9,8.5
FORD,FOCUS,5 Puertas,4x2,1596.0,MANUAL,NAFTA,EURO V,152.55,9.24,4.98,6.55
PEUGEOT / CITROËN,301 / C-ELYSÉE,4 Puertas,4x2,1587.0,MANUAL,NAFTA,EURO V,153.9,8.8,5.3,6.5
HYUNDAI,H-100,Camion,4x2,2497.0,MANUAL,GAS OIL,EURO V,256.0,12.4,8.2,9.7
HYUNDAI,GRAND i10,5 Puertas,4x2,1248.0,MANUAL,NAFTA,EURO V,136.64,7.46,4.97,5.89
HYUNDAI,GRAND i10,5 Puertas,4x2,1248.0,AUTOMATICA,NAFTA,EURO V,149.57,8.11,5.46,6.44
RENAULT,DUSTER OROCH 2.0 16v,PICK UP,4x2,1998.0,MANUAL,NAFTA,EURO V,181.53,10.4,6.23,7.78
HYUNDAI,H350,Furgon,4x2,2497.0,MANUAL,GAS OIL,EURO V,229.0,10.5,7.6,8.7
HYUNDAI,H350,Camion,4x2,2497.0,MANUAL,GAS OIL,EURO V,261.0,12.2,8.6,9.9
HYUNDAI,H350,Furgon,4x2,2497.0,MANUAL,GAS OIL,EURO V,246.0,11.4,8.1,9.4
HYUNDAI,H350,Camion,4x2,2497.0,MANUAL,GAS OIL,EURO V,261.0,12.2,8.6,9.9
SUZUKI,VITARA,5 Puertas,4x2,1586.0,MANUAL,NAFTA,EURO V,139.26,7.26,5.26,6.0
SUZUKI,VITARA,5 Puertas,4x2,1586.0,AUTOMATICA,NAFTA,EURO V,140.23,7.48,5.22,6.05
SUZUKI,VITARA,5 Puertas,4x4,1586.0,AUTOMATICA,NAFTA,EURO V,147.96,7.88,5.51,6.38
CHEVROLET,MONTANA 1.8,Furgon,4x2,1796.0,MANUAL,NAFTA,EURO V,198.87,11.35,6.68,8.4
LIFAN,X50,5 Puertas,4x2,1498.0,MANUAL,NAFTA,EURO V,183.0,10.1,6.3,7.7
LIFAN,X50,5 Puertas,4x2,1498.0,CVT,NAFTA,EURO V,187.0,10.2,6.5,7.8
TOYOTA,LAND CRUISER PRADO,4x4,4x4,3956.0,AUTOMATICA,NAFTA,EURO V,267.8,15.42,9.2,11.49
FORD,S-MAX,5 Puertas,4x2,1999.0,AUTOMATICA,NAFTA,EURO VI,204.0,12.5,6.9,8.9
BMW,118i,5 Puertas,4x2,1499.0,AUTOMATICA,NAFTA,EURO VI b,122.0,6.4,4.6,5.2
HYUNDAI,TUCSON,SUV,4x2,1999.0,MANUAL,NAFTA,EURO V,186.1,10.82,6.2,7.7
HYUNDAI,TUCSON,SUV,4x4,1999.0,MANUAL,NAFTA,EURO V,192.9,11.03,6.7,8.3
HYUNDAI,TUCSON,SUV,4x2,1999.0,AUTOMATICA,NAFTA,EURO V,188.98,11.26,6.31,8.1
HYUNDAI,TUCSON,SUV,4x4,1999.0,AUTOMATICA,NAFTA,EURO V,200.06,11.59,6.86,8.6
BMW,320i,4 Puertas,4x2,1998.0,AUTOMATICA,NAFTA,EURO VI b,134.0,7.6,4.7,5.8
HYUNDAI,TUCSON,SUV,4x2 - 4x4,1995.0,MANUAL,DIESEL,EURO V,146.0,6.9,4.8,5.6
HYUNDAI,TUCSON,SUV,4x2,1995.0,AUTOMATICA,DIESEL,EURO V,159.0,7.9,5.1,6.1
HYUNDAI,TUCSON,SUV,4x4,1995.0,AUTOMATICA,DIESEL,EURO V,169.0,8.2,5.4,6.4
HYUNDAI,CRETA (ix25),SUV,4x2,1591.0,MANUAL,NAFTA,EURO V,156.0,8.7,5.6,6.7
HYUNDAI,CRETA (ix25),SUV,4x2,1591.0,AUTOMATICA,NAFTA,EURO V,163.0,9.1,5.8,7.0
TOYOTA,PRIUS,5 Puertas,4x2,1798.0,CVT,NAFTA,EURO V,88.0,3.7,3.8,3.8
HYUNDAI,TUCSON,SUV,4x2 - 4x4,1591.0,AUTOMATICA,NAFTA,EURUO V,184.0,10.0,6.7,7.9
PEUGEOT,308,5 Puertas,4x2,1598.0,MANUAL,NAFTA,EURO VI b,144.0,8.1,4.9,6.0
LEXUS,GS350,4 Puertas,4x2,3456.0,AUTOMATICA,NAFTA,EURO V,224.0,13.4,7.4,9.6
CHEVROLET,TRACKER 1.8,5 Puertas,4x2,1796.0,MANUAL,NAFTA,EURO V,190.6,11.43,6.3,8.19
CHEVROLET,TRACKER 1.8,5 Puertas,4x4,1796.0,AUTOMATICA,NAFTA,EURO V,204.9,12.06,6.91,8.8
CITROËN / DS,DS 3,Coupe,4x2,1598.0,MANUAL,NAFTA,EURO VI b,129.4,6.9,4.6,5.4
PEUGEOT,208,5 Puertas,4x2,1560.0,MANUAL,GAS OIL,EURO V,99.9,4.6,3.5,3.9
HONDA,CIVIC,4 Puertas,4x2,1498.0,CVT,NAFTA,EURO V,143.0,8.2,4.9,6.1
HONDA,CIVIC,4 Puertas,4x2,1997.0,MANUAL,NAFTA,EURO V,169.0,9.9,5.5,7.0
HONDA,CIVIC,4 Puertas,4x2,1997.0,CVT,NAFTA,EURO V,158.39,9.09,5.46,6.8
CHEVROLET,COBALT 1.8 TRANSMISIÓN AUTOMÁTICA,4 Puertas,4x2,1796.0,AUTOMATICA,NAFTA,EURO V,186.39,11.54,5.86,7.91
CHEVROLET,COBALT 1.8,4 Puertas,4x2,1796.0,MANUAL,NAFTA,EURO V,174.66,10.53,5.6,7.42
NISSAN,MARCH,5 Puertas,4x2,1598.0,MANUAL,NAFTA,EURO V,151.0,8.6,5.3,6.5
NISSAN,MARCH,5 Puertas,4x2,1598.0,AUTOMATICA,NAFTA,EURO V,160.0,9.1,5.6,6.9
PEUGEOT / CITROËN,301 / C-ELYSÉE,4 Puertas,4x2,1587.0,MANUAL,NAFTA,EURO VI b,150.0,8.7,5.0,6.4
PEUGEOT / CITROËN,301 / C-ELYSÉE,4 Puertas,4x2,1587.0,AUTOMATICA,NAFTA,EURO VI b,157.8,9.2,5.3,6.8
PEUGEOT / CITROËN,301 / C-ELYSÉE,4 Puertas,4x2,1560.0,MANUAL,GAS OIL,EURO V,109.3,4.9,3.9,4.3
CHEVROLET,CAMARO 6.2,Coupe,4x2,6162.0,AUTOMATICA,NAFTA,EURO VI a,260.0,17.4,7.8,11.3
CHEVROLET,CAMARO 6.2,Coupe,4x2,6162.0,AUTOMATICA,NAFTA,EURO VI a,269.0,18.1,8.1,11.7
BMW,120i / 220i,Coupe,4x2,1998.0,AUTOMATICA,NAFTA,EURO VI b,135.0,7.4,5.0,5.9
BMW,220i,Coupe,4x2,1998.0,AUTOMATICA,NAFTA,EURO VI b,140.0,7.7,5.2,6.1
HONDA,WR-V,5 Puertas,4x2,1496.0,CVT,NAFTA,EURO V,154.0,8.2,5.7,6.6
BMW,M140i,Coupe,4x2,2998.0,AUTOMATICA,NAFTA,EURO VI b,163.0,9.4,5.8,7.1
BMW,M240i,Coupe,4x2,2998.0,AUTOMATICA,NAFTA,EURO VI b,163.0,9.4,5.8,7.1
CITROËN / DS,DS 4,5 Puertas,4x2,1598.0,MANUAL,NAFTA,EURO VI b,137.7,7.6,5.0,5.9
PEUGEOT,2008,5 Puertas,4x2,1587.0,AUTOMATICA,NAFTA,EURO V,176.54,9.96,6.18,7.57
PEUGEOT,208,5 Puertas,4x2,1587.0,AUTOMATICA,NAFTA,EURO V,173.72,10.04,5.92,7.44
CITROËN,C3 AIRCROSS,SUV,4x2,1587.0,AUTOMATICA,NAFTA,EURO V,183.12,10.39,6.34,7.86
FORD,ECOSPORT,SUV,4x2,1498.0,MANUAL,DIESEL,EURO V,120.1,4.84,4.43,4.58
FORD,ECOSPORT,SUV,4x2,1999.0,AUTOMATICA,NAFTA,EURO V,204.29,11.83,7.05,8.8
FORD,ECOSPORT,SUV,4x4,1999.0,AUTOMATICA,NAFTA,EURO V,200.43,11.65,6.93,8.65
FIAT,ARGO DRIVE 1.3,4 Puertas,4x2,1332.0,MANUAL,NAFTA,EURO V,148.42,8.13,5.32,6.36
FIAT,ARGO PRECISION 1.8,4 Puertas,4x2,1747.0,MANUAL,NAFTA,EURO V,169.73,10.02,5.68,7.27
FIAT,ARGO HGT 1.8,4 Puertas,4x2,1747.0,MANUAL,NAFTA,EURO V,169.73,10.02,5.68,7.27
LIFAN,MYWAY 1.8 VVT,5 Puertas,4x2,1794.0,MANUAL,NAFTA,EURO V,190.0,10.2,6.8,8.1
CHERY,TIGGO 5 1.5 MT,5 Puertas,4x2,1498.0,MANUAL,NAFTA,EURO V,186.0,9.9,6.7,7.9
PEUGEOT,5008,5 Puertas,4x2,1598.0,AUTOMATICA,NAFTA,EURO V,170.8,10.1,6.7,7.3
VOLKSWAGEN,UP! - UP! TSI,4 Puertas,4x2,999.0,MANUAL,NAFTA,EURO V,126.67,6.9,4.58,5.44
HONDA,CR-V,Rural,4x4,1498.0,CVT,NAFTA,EURO V,161.0,8.7,5.8,6.9
ALFA ROMEO,GIULIA,4 Puertas,4x2,1995.0,AUTOMATICA,NAFTA,EURO VI,199.7,12.94,6.12,8.65
ALFA ROMEO,GIULIA QUADRIFOGLIO,4 Puertas,4x2,2891.0,AUTOMATICA,NAFTA,EURO VI b,187.98,12.42,5.72,8.15
FIAT,CRONOS PRESICION 1.8 MT,4 Puertas,4x2,1747.0,MANUAL,NAFTA,EURO V,166.26,9.63,5.65,7.13
PEUGEOT / CITROËN,TRAVELLER / SPACETOURER,BUS,4x2,1997.0,AUTOMATICA,GAS OIL,EURO VI,165.1,7.3,5.8,6.4
TOYOTA,HILUX,PICK UP,4x2 - 4x4,2393.0,MANUAL,GAS OIL,EURO V,197.0,8.9,6.6,7.5
TOYOTA,HILUX,PICK UP,4x2 - 4x4,2755.0,MANUAL,GAS OIL,EURO  V,208.0,9.1,7.2,7.9
TOYOTA,HILUX,PICK UP,4x2 - 4x4,2755.0,AUTOMATICA,GAS OIL,EURO V,226.0,11.3,7.0,8.6
CHEVROLET,TRAILBLAZER 2.8 TRANSMISIÓN AUTOMÁTICA,SUV,4x2 - 4x4,2776.0,AUTOMATICA,GAS OIL,EURO V,257.19,12.6,8.16,9.78
TOYOTA,CAMRY,4 Puertas,4x2,2494.0,AUTOMATICA,NAFTA,EURO V,200.0,11.77,6.8,8.6
TOYOTA,CAMRY,4 Puertas,4x2,3456.0,AUTOMATICA,NAFTA,EURO V,206.0,13.0,6.7,9.0
TOYOTA,INNOVA,Rural,4x2,2694.0,AUTOMATICA,NAFTA,EURO V,241.0,13.4,8.6,10.4
PEUGEOT / CITROËN,PARTNER / BERLINGO,Rural,4x2,1587.0,MANUAL,NAFTA,EURO V,205.58,11.43,7.28,8.8
FIAT,ARGO PRECISION 1.8 AT6,4 Puertas,4x2,1747.0,AUTOMATICA,NAFTA,EURO V,183.78,10.96,6.09,7.89
FIAT,ARGO HGT 1.8 AT6,4 Puertas,4x2,1747.0,AUTOMATICA,NAFTA,EURO V,183.78,10.96,6.09,7.89
FIAT,STRADA WORKING 1.4 CC / CD,PICK UP,4x2,1368.0,MANUAL,NAFTA,EURO V,188.38,10.87,6.45,8.08
FIAT,CRONOS PRESICION 1.8 AT6,5 Puertas,4x2,1747.0,AUTOMATICA,NAFTA,EURO V,183.78,10.96,6.09,7.89
FIAT,CRONOS DRIVE 1.3,4 Puertas,4x2,1332.0,MANUAL,NAFTA,EURO V,147.65,8.1,5.29,6.33
FIAT,STRADA ADVENTURE 1.6 16V CABINA DOBLE,PICK UP,4x2,1598.0,MANUAL,NAFTA,EURO V,194.46,10.83,6.88,8.33
CHEVROLET,S10 2.8,PICK UP,4x2 - 4x4,2776.0,MANUAL,GAS OIL,EURO V,238.62,11.37,7.75,9.08
CHEVROLET,S10 2.8,PICK UP,4x2 - 4x4,2776.0,AUTOMATICA,GAS OIL,EURO V,250.93,12.35,7.92,9.53
ALFA ROMEO,GIULIA 2.0 VELOCE,4 Puertas,4x2 - 4x4,1995.0,AUTOMATICA,NAFTA,EURO VI b,149.14,9.04,5.0,6.47
FAW,ACTIS V80,BUS,4x2,1495.0,MANUAL,NAFTA,EURO V,163.0,8.5,6.1,7.0
CHEVROLET,SPIN ACTIV 1.8,4 Puertas,4x2,1796.0,MANUAL,NAFTA,EURO V,192.84,10.69,6.64,8.13
CHEVROLET,SPIN 1.8,4 Puertas,4x2,1796.0,MANUAL,NAFTA,EURO V,184.54,10.45,6.22,7.78
CHEVROLET,SPIN ACTIV 1.8 TRANSMISIÓN AUTOMÁTIA,4 Puertas,4x2,1796.0,AUTOMATICA,NAFTA,EURO V,189.24,10.91,6.55,8.16
CHEVROLET,SPIN 1.8 TRANSMISION AUTOMATICA,4 Puertas,4x2,1796.0,AUTOMATICA,NAFTA,EURO V,176.52,10.29,5.8,7.45
FAW,ACTIS T80,Camion,4x2,1495.0,MANUAL,NAFTA,EURO V,166.0,8.5,6.0,6.9
FAW,ACTIS T80,PICK UP,4x2,1495.0,MANUAL,NAFTA,EURO V,161.0,8.4,5.7,6.7
VOLKSWAGEN,GOLF o GOLF GTI,4 Puertas,4x2,1984.0,AUTOMATICA,NAFTA,EURO V,168.21,9.17,6.16,7.25
VOLKSWAGEN,TIGUAN o TIGUAN LWB,SUV,4x4,1984.0,AUTOMATICA,NAFTA,EURO V,195.43,10.92,6.99,8.42
LIFAN,FOISON: TRUCK-STAKE TRUK-BOX-CARGO FURGÓN,PICK UP,4x2,1206.0,MANUAL,NAFTA,EURO V,168.0,9.2,5.9,7.1
FORD,MUSTANG,Coupe,4x2,5038.0,AUTOMATICA,NAFTA,EURO VI b,290.13,19.29,8.96,12.73
HONDA,FIT,5 Puertas,4x2,1496.0,MANUAL,NAFTA,EURO V,142.92,7.86,5.12,6.13
HONDA,FIT,5 Puertas,4x2,1496.0,CVT,NAFTA,EURO V,137.51,7.28,5.08,5.9
BMW,X1 sDrive 20i,Rural,4x2,1998.0,AUTOMATICA,NAFTA,EURO VI c,139.0,7.4,5.3,6.1
BMW,X2 sDrive 20i,Rural,4x2,1998.0,AUTOMATICA,NAFTA,EURO VI c,138.0,7.4,5.3,6.0
LIFAN,X70,SUV,4x2,1998.0,MANUAL,NAFTA,EURO V,189.0,10.5,6.5,7.9
LIFAN,X70,SUV,4x2,1998.0,CVT,NAFTA,EURO V,207.0,11.7,6.9,8.7
TOYOTA,YARIS,4 Puertas,4x2,1496.0,MANUAL,NAFTA,EURO V,143.1,7.88,5.14,6.15
TOYOTA,YARIS,4 Puertas,4x2,1496.0,CVT,NAFTA,EURO V,136.2,7.19,5.07,5.85
ALFA ROMEO,STELVIO QUADRIFOGLIO VERDI,4 Puertas,4x4,2891.0,AUTOMATICA,NAFTA,EURO VI,210.21,11.76,7.56,9.09
BMW,X1 xDrive 25i,Rural,4x4,1998.0,AUTOMATICA,NAFTA,EURO VI c,151.0,8.0,5.9,6.6
PEUGEOT,308,5 Puertas,4x2,1598.0,AUTOMATICA,NAFTA,EURO V,153.0,8.8,5.2,6.5
HYUNDAI,IONIQ HYBRID LH BLUE DRIVE,5 Puertas,4x2,1580.0,AUTOMATICA,NAFTA / ELECTRICIDAD,EURO V,91.0,3.9,3.9,4.0
MERCEDES-BENZ,SLC 300,Coupe,4x2,1991.0,AUTOMATICA,NAFTA,EURO VI b,147.1,7.9,5.3,6.3
VOLKSWAGEN,AMAROK,PICK UP,4x2,1968.0,MANUAL,GAS OIL,EURO V,194.2,10.3,7.3,8.4
VOLKSWAGEN,AMAROK,PICK UP,4x4,1968.0,MANUAL,GAS OIL,EURO V,188.3,10.0,7.1,8.2
JEEP,COMPASS TRAILHAWK 2.0 AT9 4WD,4 Puertas,4x4,1956.0,AUTOMATICA,GAS OIL,EURO V,187.55,9.19,5.95,7.13
RENAULT,DUSTER OROCH 2.0 16v,PICK UP,4x4,1998.0,MANUAL,NAFTA,EURO V,190.84,11.14,6.43,8.17
LAND ROVER,DISCOVERY SPORT,Rural,4x4,1997.0,AUTOMATICA,NAFTA,EURO VI,182.0,9.6,7.1,8.0
CHEVROLET,EQUINOX,SUV,4x2,1490.0,AUTOMATICA,NAFTA,EURO V,177.3,9.87,6.39,7.67
CHEVROLET,EQUINOX,SUV,4x4,1490.0,AUTOMATICA,NAFTA,EURO V,187.9,10.62,6.67,8.11
HYUNDAI,VELOSTER,Coupe,4x2,1999.0,MANUAL,NAFTA,EURO V,166.0,9.6,5.6,7.1
HYUNDAI,VELOSTER,Coupe,4x2,1999.0,AUTOMATICA,NAFTA,EURO V,168.0,9.7,5.7,7.2
HYUNDAI,VELOSTER 1.6T,Coupe,4x2,1591.0,MANUAL,NAFTA,EURO V,175.0,10.2,5.9,7.5
HYUNDAI,VELOSTER 1.6T,Coupe,4x2,1591.0,AUTOMATICA,NAFTA,EURO V,157.0,8.8,5.5,6.7
FORD,KA,4 Puertas,4x2,1496.0,MANUAL,NAFTA,EURO V,134.16,7.04,5.04,5.77
FORD,KA,4 Puertas,4x2,1496.0,AUTOMATICA,NAFTA,EURO V,150.06,8.18,5.44,6.45
JAC,T6,PICK UP,4x2 - 4x4,1998.0,MANUAL,GAS OIL,EURO V,222.0,9.1,8.0,8.4
JAC,T8,PICK UP,4x2 - 4x4,1998.0,MANUAL,GAS OIL,EURO V,222.0,9.1,8.0,8.4
HYUNDAI,HD35L,BUS,4x2,2497.0,MANUAL,GAS OIL,EURO V,276.19,13.01,9.0,10.51
HONDA,ACCORD,4 Puertas,4x2,1996.0,AUTOMATICA,NAFTA,EURO V,192.0,12.1,6.1,8.3
HONDA,ACCORD,4 Puertas,4x2,1498.0,CVT,NAFTA,EURO V,156.0,9.0,5.3,6.7
VOLVO,XC40 T5,SUV,4x4,1969.0,AUTOMATICA,NAFTA,EURO VI d,205.0,12.4,7.7,9.1
SHINERAY,X7,Rural,4x2,1794.0,MANUAL,NAFTA,EURO V,207.0,11.7,6.9,8.7
MERCEDES-BENZ,E 220 d 4MATIC ALL TERRAIN,4 Puertas,4x4,1950.0,AUTOMATICA,GAS OIL,EURO VI b,140.0,6.0,5.0,5.3
VOLKSWAGEN,TIGUAN  TIGUAN LWB,SUV,4x4,1968.0,AUTOMATICA,GAS OIL,EURO V,152.0,8.4,5.9,6.8
JAC,X200,Camion,4x2,1999.0,MANUAL,GAS OIL,EURO V,266.0,8.3,12.95,10.02
MERCEDES-BENZ,A 200,Rural,4x2,1333.0,AUTOMATICA,NAFTA,EURO VI b,133.0,7.3,5.0,5.8
CHANGAN,CS75,Rural,4x2,1798.0,AUTOMATICA,NAFTA,EURO V,186.0,11.4,5.6,7.7
BMW,X3 sDrive 20i,Rural,4x2,1998.0,AUTOMATICA,NAFTA,EURO VI d,169.0,8.8,6.6,7.4
BMW,X3 xDrive 20i,Rural,4x4,1998.0,AUTOMATICA,NAFTA,EURO VI d,173.0,8.9,6.8,7.6
FIAT,UNO DRIVE 1.3 GSE,4 Puertas,4x2,1332.0,MANUAL,NAFTA,EURO V,146.42,8.05,5.34,6.34
FIAT,UNO SPORTING 1.3 GSE,4 Puertas,4x2,1332.0,MANUAL,NAFTA,EURO V,146.42,8.05,5.34,6.34
FIAT,UNO WAY 1.3 GSE,4 Puertas,4x2,1332.0,MANUAL,NAFTA,EURO V,146.42,8.05,5.34,6.34
LAND ROVER,RANGE ROVER SPORT,Rural,4x4,2993.0,AUTOMATICA,GAS OIL,EURO VI b,185.0,7.9,6.4,7.0
LAND ROVER,RANGE ROVER SPORT,Rural,4x4,2995.0,AUTOMATICA,NAFTA,EURO V,258.0,14.9,8.4,10.8
DS,DS 7 CROSSBACK,5 Puertas,4x2,1598.0,AUTOMATICA,NAFTA,EURO V,169.0,9.9,6.0,7.4
LIFAN,MYWAY X7,5 Puertas,4x2,1794.0,AUTOMATICA,NAFTA,EURO V,198.0,10.99,7.04,8.5
LAND ROVER,RANGE ROVER SPORT,Rural,4x4,4999.0,AUTOMATICA,NAFTA,EURO VI b,310.0,19.8,10.0,13.6
VOLVO,XC40 T4,SUV,4x2,1969.0,AUTOMATICA,NAFTA,EURO VI d,189.0,12.1,6.9,8.4
MINI,JOHN COOPER WORKS,Coupe,4x2,1998.0,MANUAL,NAFTA,EURO VI c,157.0,8.6,5.9,6.9
MINI,JOHN COOPER WORKS,Coupe,4x2,1998.0,MANUAL,NAFTA,EURO VI c,159.0,8.7,5.9,7.0
MINI,JOHN COOPER WORKS,Coupe,4x2,1998.0,AUTOMATICA,NAFTA,EURO VI c,137.0,7.1,5.3,6.0
MINI,JOHN COOPER WORKS,Coupe,4x2,1998.0,AUTOMATICA,NAFTA,EURO VI c,144.0,8.5,5.8,6.8
DOMY,X5,5 Puertas,4x2,1499.0,CVT,NAFTA,EURO V,188.0,10.1,6.7,7.9
CITROËN,C4 CACTUS,5 Puertas,4x2,1598.0,AUTOMATICA,NAFTA,EURO V,177.0,9.9,6.3,7.6
CITROËN,C4 CACTUS,5 Puertas,4x2,1587.0,MANUAL,NAFTA,EURO V,177.53,10.39,5.96,7.6
CITROËN,C4 CACTUS,5 Puertas,4x2,1587.0,AUTOMATICA,NAFTA,EURO V,182.49,9.48,6.83,7.81
BMW,X2 sDrive 18i,Rural,4x2,1499.0,MANUAL,NAFTA,EURO VI c,139.0,7.3,5.4,6.1
BMW,X2 sDrive 18i,Rural,4x2,1499.0,AUTOMATICA,NAFTA,EURO VI c,143.0,7.6,5.6,6.3
BORGWARD,BX7,5 Puertas,4x2,1981.0,AUTOMATICA,NAFTA,EURO V,221.0,12.1,7.61,9.3
BORGWARD,BX7,5 Puertas,4x4,1981.0,AUTOMATICA,NAFTA,EURO V,235.11,13.2,7.89,9.83
BORGWARD,BX5,5 Puertas,4x2,1797.0,AUTOMATICA,NAFTA,EURO V,194.7,11.16,6.48,8.2
BORGWARD,BX5,5 Puertas,4x4,1797.0,AUTOMATICA,NAFTA,EURO V,211.6,12.15,7.05,8.92
CHANGAN,CS75,Rural,4x4,1798.0,AUTOMATICA,NAFTA,EURO V,244.0,13.3,8.5,10.3
PORSCHE,911 GT3 RS,Coupe,4x2,3996.0,AUTOMATICA,NAFTA,EURO V,296.8,19.2,9.0,12.8
MINI,COOPER,Coupe,4x2,1499.0,MANUAL,NAFTA,EURO VI c,118.0,6.4,4.5,5.2
MINI,COOPER,5 Puertas,4x2,1499.0,MANUAL,NAFTA,EURO VI c,119.0,6.4,4.5,5.2
MINI,COOPER,Coupe,4x2,1499.0,MANUAL,NAFTA,EURO VI c,128.0,6.6,5.0,5.6
MINI,COOPER,Coupe,4x2,1499.0,AUTOMATICA,NAFTA,EURO VI c,122.0,6.2,4.8,5.3
MINI,COOPER,5 Puertas,4x2,1499.0,AUTOMATICA,NAFTA,EURO VI c,123.0,6.3,4.9,5.4
MINI,COOPER,Coupe,4x2,1499.0,AUTOMATICA,NAFTA,EURO VI c,129.0,6.5,5.2,5.6
DS,DS 7 CROSSBACK,5 Puertas,4x2,1997.0,AUTOMATICA,GAS OIL,EURO V,138.5,6.3,4.7,5.3
AUDI,A6,4 Puertas,4x4,2995.0,AUTOMATICA,NAFTA,EURO VI b,167.0,9.6,6.0,7.4
AUDI,A7 - A7 SPORTBACK,4 Puertas,4x4,2995.0,AUTOMATICA,NAFTA,EURO VI b,168.0,9.6,6.1,7.4
PEUGEOT,308,5 Puertas,4x2,1598.0,AUTOMATICA,NAFTA,EURO V,136.96,7.46,5.17,6.01
BMW,X4 xDrive 20i,5 Puertas,4x4,1998.0,AUTOMATICA,NAFTA,EURO VI c,178.0,9.0,7.1,7.8
NISSAN,FRONTIER o NP300 FRONTIER,PICK UP,4x2,2298.0,MANUAL,GAS OIL,EURO V,176.0,7.8,6.1,6.7
NISSAN,FRONTIER o NP300 FRONTIER,PICK UP,4x4,2298.0,MANUAL,GAS OIL,EURO V,184.0,8.0,6.4,7.0
NISSAN,FRONTIER o NP300 FRONTIER,PICK UP,4x4,2298.0,AUTOMATICA,GAS OIL,EURO V,201.0,9.7,6.5,7.6
BMW,X4 xDrive 30i,5 Puertas,4x4,1998.0,AUTOMATICA,NAFTA,EURO VI c,177.0,9.3,6.9,7.8
RENAULT,ALASKAN 2.3 190 HP,PICK UP,4x2,2298.0,MANUAL,GAS OIL,EURO V,176.0,7.8,6.1,6.7
TOYOTA,HILUX,PICK UP,4x4,3956.0,AUTOMATICA,NAFTA,EURO V,282.0,16.5,9.6,12.1
MINI,COOPER S,Coupe,4x2,1998.0,MANUAL,NAFTA,EURO VI c,144.0,8.0,5.3,6.3
MINI,COOPER S,5 Puertas,4x2,1998.0,MANUAL,NAFTA,EURO VI c,147.0,8.1,5.5,6.4
MINI,COOPER S,Coupe,4x2,1998.0,MANUAL,NAFTA,EURO VI c,150.0,8.3,5.6,6.6
MINI,COOPER S,Coupe,4x2,1998.0,AUTOMATICA,NAFTA,EURO VI c,125.0,6.8,4.8,5.5
MINI,COOPER S,5 Puertas,4x2,1998.0,AUTOMATICA,NAFTA,EURO VI c,128.0,6.9,4.9,5.6
MINI,COOPER S,Coupe,4x2,1998.0,AUTOMATICA,NAFTA,EURO VI c,131.0,7.0,5.1,5.7
HONDA,HR-V,4 Puertas,4x2,1799.0,CVT,NAFTA,EURO V,151.0,8.2,5.5,6.5
VOLKSWAGEN,VENTO,4 Puertas,4x2,1395.0,AUTOMATICA,NAFTA,EURO V,142.0,8.34,4.86,6.16
DOMY,X5,5 Puertas,4x2,1499.0,MANUAL,NAFTA,EURO V,185.0,10.41,6.78,8.0
RENAULT,ALASKAN 2.3 190 HP 4x4 AT,PICK UP,4x4,2298.0,AUTOMATICA,GAS OIL,EURO V,201.0,9.7,6.5,7.6
HYUNDAI,KONA,4x4,4x4,1591.0,AUTOMATICA,NAFTA,EURO V,157.42,8.24,6.11,6.89
RENAULT,ALASKAN 2.3 190 HP 4x4 MT,PICK UP,4x4,2298.0,MANUAL,GAS OIL,EURO V,184.0,8.0,6.4,7.0
BAIC,D20,4 Puertas,4x2,1322.0,MANUAL,NAFTA,EURO V,237.48,9.9,6.06,7.5
BAIC,X65,5 Puertas,4x2,1992.0,AUTOMATICA,NAFTA,EURO V,259.0,14.5,8.6,10.8
ZANELLA,Z TRUCK,PICK UP,4x2,1206.0,MANUAL,NAFTA,EURO V,176.0,9.6,6.5,7.6
ZANELLA,ZTRUCK DUO,PICK UP,4x2,1206.0,MANUAL,NAFTA,EURO V,176.0,9.6,6.5,7.6
RAM,RAM 1200 4X4 AT,PICK UP,4x4,2442.0,AUTOMATICA,GAS OIL,EURO V,207.0,9.2,6.8,7.7
RAM,RAM 1200 4X4 MT,PICK UP,4x4,2442.0,MANUAL,GAS OIL,EURO V,192.0,8.9,6.3,7.3
DOMY,X7,5 Puertas,4x2,1799.0,AUTOMATICA,NAFTA,EURO V,219.0,12.2,7.8,9.4
DOMY,X7,5 Puertas,4x2,1997.0,AUTOMATICA,NAFTA,EURO V,216.0,12.3,7.6,9.3
FIAT,TORO VOLCANO TORO RANCH,PICK UP,4x4,1956.0,AUTOMATICA,GAS OIL,EURO V,215.39,9.9,7.19,8.19
FIAT,TORO FREEDOM,PICK UP,4x4,1956.0,AUTOMATICA,GAS OIL,EURO V,215.39,9.9,7.19,8.19
PEUGEOT,508,4 Puertas,4x2,1598.0,AUTOMATICA,NAFTA,EURO VI b,131.65,7.19,4.96,5.78
AUDI,A4,4 Puertas,4x2,1984.0,AUTOMATICA,NAFTA / ELECTRICIDAD,EURO VI c,131.0,7.3,4.9,5.8
AUDI,A4 - A4 AVANT,Rural,4x2,1984.0,AUTOMATICA,NAFTA / ELECTRICIDAD,EURO VI c,136.0,7.4,5.1,6.0
AUDI,A5 - A5 SPORTBACK,4 Puertas,4x2,1984.0,AUTOMATICA,NAFTA / ELECTRICIDAD,EURO VI c,132.0,7.2,4.9,5.7
AUDI,A5 - A5 COUPE,Coupe,4x2,1984.0,AUTOMATICA,NAFTA / ELECTRICIDAD,EURO VI c,131.0,7.2,4.9,5.8
AUDI,A5 - A5 CABRIO,Coupe,4x2,1984.0,AUTOMATICA,NAFTA / ELECTRICIDAD,EURO VI c,139.0,7.6,5.3,6.1
AUDI,A8 - A8 L,4 Puertas,4x4,3996.0,AUTOMATICA,NAFTA / ELECTRICIDAD,EURO VI b,228.0,13.8,7.9,10.1
FIAT,TORO 1.8 BZ AT6,PICK UP,4x2,1747.0,AUTOMATICA,NAFTA,EURO V,189.42,10.22,6.89,8.12
MERCEDES-BENZ,A 250,Rural,4x2,1991.0,AUTOMATICA,NAFTA,EURO VI b,144.5,8.7,5.2,6.5
AUDI,Q5,SUV,4x4,2967.0,AUTOMATICA,GAS OIL,EURO V,201.0,9.0,6.9,7.7
HYUNDAI,VELOSTER,Coupe,4x2,1998.0,MANUAL,NAFTA,EURO V,215.75,12.91,7.04,9.21
AUDI,A4,4 Puertas,4x2,1984.0,MANUAL,NAFTA / ELECTRICIDAD,EURO VI c,135.0,7.7,5.0,6.0
AUDI,A4 - A4 AVANT,Rural,4x2,1984.0,MANUAL,NAFTA / ELECTRICIDAD,EURO VI c,139.0,7.8,5.1,6.1
AUDI,A5 - A5 SPORTBACK,4 Puertas,4x2,1984.0,MANUAL,NAFTA / ELECTRICIDAD,EURO VI c,135.0,7.7,5.0,6.0
AUDI,A5 - A5 COUPE,Coupe,4x2,1984.0,MANUAL,NAFTA / ELECTRICIDAD,EURO VI c,134.0,7.7,4.9,5.9
AUDI,A5 - A5 CABRIO,Coupe,4x2,1984.0,MANUAL,NAFTA / ELECTRICIDAD,EURO VI c,140.0,7.9,5.2,6.2
LIFAN,M7,5 Puertas,4x2,1988.0,CVT,NAFTA,EURO V,233.0,13.1,8.2,10.0
AUDI,Q8,SUV,4x4,2995.0,AUTOMATICA,NAFTA / ELECTRICIDAD,EURO VI b,210.0,11.1,8.0,9.2
FOTON,GRATOUR T3,Camion,4x2,1206.0,MANUAL,NAFTA,EURO V,176.0,9.6,6.5,7.6
FOTON,GRATOUR T3,PICK UP,4x2,1206.0,MANUAL,NAFTA,EURO V,176.0,9.6,6.5,7.6
JEEP,WRANGLER: SPORT / SAHARA // UNLIMITED SPORT / UNLIMITED SAHARA,4 Puertas,4x4,3604.0,AUTOMATICA,NAFTA,EURO V,235.27,13.54,8.09,10.1
JEEP,WRANGLER: RUBICON / UNLIMITED RUBICON,4 Puertas,4x4,3604.0,AUTOMATICA,NAFTA,EURO V,252.47,14.37,8.78,10.84
MERCEDES-BENZ,G 500,Rural,4x4,3982.0,AUTOMATICA,NAFTA,EURO VI,287.0,15.1,10.4,12.1
BMW,X4 M40i,5 Puertas,4x4,2998.0,AUTOMATICA,NAFTA,EURO VI c,210.0,11.6,7.8,9.2
MERCEDES-BENZ,MERCEDES-AMG G 63,Rural,4x4,3982.0,AUTOMATICA,NAFTA,EURO VI b,299.3,16.4,11.2,13.1
MERCEDES-BENZ,A 180,Rural,4x2,1332.0,AUTOMATICA,NAFTA,EURO VI b,131.5,7.4,4.9,5.8
BMW,530i,4 Puertas,4x2,1998.0,AUTOMATICA,NAFTA,EURO VI c,156.0,8.3,6.0,6.8
HYUNDAI,SANTA FE HTRACK,Rural,4x2 - 4x4,2359.0,AUTOMATICA,NAFTA,EURO V,239.4,13.92,8.09,10.23
HYUNDAI,SANTA FE HTRACK,Rural,4x2 - 4x4,2359.0,MANUAL,NAFTA,EURO V,231.8,13.55,7.76,9.91
HYUNDAI,SANTA FE 3.5 HTRAC,4x4,4x4,3470.0,AUTOMATICA,NAFTA,EURO V,255.1,15.19,8.39,10.89
HYUNDAI,SANTA FE HTRAC 2.2D,Rural,4x2 - 4x4,2199.0,MANUAL,GAS OIL,EURO V,168.86,8.02,5.47,6.41
HYUNDAI,SANTA FE HTRAC 2.2D,Rural,4x2 - 4x4,2199.0,AUTOMATICA,GAS OIL,EURO V,203.7,10.16,6.33,7.74
MASERATI,GHIBLI SQ4,4 Puertas,4x4,2979.0,AUTOMATICA,NAFTA,EURO VI,225.03,14.23,7.16,9.74
LEXUS,NX300H,SUV,4x4,2494.0,CVT,NAFTA / ELECTRICIDAD,EURO V,140.0,6.3,5.8,6.0
SUBARU,FORESTER,Rural,4x4,1995.0,CVT,NAFTA,EURO V,162.0,8.6,6.0,7.0
SUBARU,FORESTER,Rural,4x4,2498.0,CVT,NAFTA,EURO VI,170.0,9.4,6.4,7.5
FORD,KUGA,SUV,4x2 - 4x4,1999.0,AUTOMATICA,NAFTA,EURO V,210.11,12.01,7.25,9.0
MASERATI,GRAN TURISMO S GRAN TURISMO MC,Coupe,4x2,4691.0,AUTOMATICA,NAFTA,EURO V,360.0,23.8,10.7,15.5
HAVAL,H9,Rural,4x4,1967.0,AUTOMATICA,NAFTA,EURO V,260.0,13.5,9.6,11.1
HAVAL,H9,Rural,4x4,1967.0,AUTOMATICA,NAFTA,EURO V,288.0,17.2,9.8,12.5
MERCEDES-BENZ,C 200,4 Puertas,4x2,1497.0,AUTOMATICA,NAFTA,EURO VI,138.4,8.6,5.3,6.6
CHANGAN,CS35,5 Puertas,4x2,1598.0,AUTOMATICA,NAFTA,EURO V,166.0,10.1,5.1,7.0
VOLKSWAGEN,TIGUAN  TIGUAN LWB,SUV,4x2,1395.0,AUTOMATICA,NAFTA,EURO V,188.77,10.72,6.68,8.15
LEXUS,NX300,SUV,4x4,1998.0,AUTOMATICA,NAFTA,EURO V,196.0,11.0,7.0,8.4
JEEP,CHEROKEE LIMITED CHEROKEE SPORT CHEROKEE LONGITUDE,4 Puertas,4x2,3239.0,AUTOMATICA,NAFTA,EURO VI a,215.0,12.8,7.1,9.2
JEEP,CHEROKEE LIMITED CHEROKEE SPORT CHEROKEE LONGITUDE,4 Puertas,4x4,3239.0,AUTOMATICA,NAFTA,EURO VI a,226.0,13.1,7.7,9.7
JEEP,CHEROKEE TRAILHAWK,4 Puertas,4x4,3239.0,AUTOMATICA,NAFTA,EURO VI a,236.0,13.3,8.3,10.1
ISUZU,D-MAX,PICK UP,4x2 - 4x4,2999.0,AUTOMATICA,GAS OIL,EURO V,212.1,9.28,7.37,8.06
ISUZU,D-MAX,PICK UP,4x2 - 4x4,2999.0,MANUAL,GAS OIL,EURO V,217.01,9.67,7.43,8.25
LEXUS,LS500H,4 Puertas,4x2,3456.0,CVT,NAFTA / ELECTRICIDAD,EURO VI,156.0,8.08,6.46,6.85
BMW,X5 xDRIVE 40i (5 ASIENTOS),Rural,4x4,2998.0,AUTOMATICA,NAFTA,EURO VI b,211.0,11.2,8.1,9.2
BMW,X5 xDRIVE 40i (7 ASIENTOS),Rural,4x4,2998.0,AUTOMATICA,NAFTA,EURO VI b,215.0,11.6,8.2,9.4
BMW,M850i xDRIVE,Coupe,4x4,4395.0,AUTOMATICA,NAFTA,EURO VI b,238.0,14.6,8.0,10.4
MERCEDES-BENZ,X 350 d 4MATIC,PICK UP,4x4,2987.0,AUTOMATICA,GAS OIL,EURO V,236.0,10.3,8.3,9.0
NISSAN,FRONTIER o NP300 FRONTIER,PICK UP,4x2,2298.0,MANUAL,GAS OIL,EURO V,177.0,7.8,6.1,6.7
NISSAN,FRONTIER o NP300 FRONTIER,PICK UP,4x4,2298.0,MANUAL,GAS OIL,EURO V,181.0,7.8,6.3,6.9
MERCEDES-BENZ,MERCEDES-AMG C 43 4 MATIC,Coupe,4x4,2996.0,AUTOMATICA,NAFTA,EURO VI b,217.0,13.3,7.3,9.5
MERCEDES-BENZ,MERCEDES-AMG C 43 4 MATIC,Rural,4x4,2996.0,AUTOMATICA,NAFTA,EURO VI b,222.0,13.5,7.6,9.7
FORD,ECOSPORT,SUV,4x2,1497.0,AUTOMATICA,NAFTA,EURO V,160.11,9.01,5.67,6.9
DONGFENG,AX4,5 Puertas,4x2,1556.0,MANUAL,NAFTA,EURO V,165.0,9.2,5.8,7.0
RENAULT,ALASKAN 2.3 160 HP 4x4 MT,PICK UP,4x4,2298.0,MANUAL,GAS OIL,EURO V,181.0,7.8,6.3,6.9
FORD,ECOSPORT,SUV,4x2,1497.0,MANUAL,NAFTA,EURO V,149.66,8.32,5.34,6.44
VOLKSWAGEN,VENTO,4 Puertas,4x2,1984.0,AUTOMATICA,NAFTA,EURO V,166.14,9.6,5.78,7.16
MERCEDES-BENZ,A 200,Rural,4x2,1332.0,AUTOMATICA,NAFTA,EURO VI,133.0,7.4,4.9,5.8
MERCEDES-BENZ,A 200,5 Puertas,4x2,1332.0,AUTOMATICA,NAFTA,EURO VI,132.0,7.4,4.8,5.8
RENAULT,ALASKAN 2.3 160 HP 4x2 MT,PICK UP,4x2,2298.0,MANUAL,GAS OIL,EURO V,177.0,7.8,6.1,6.7
FORD,RANGER RAPTOR,PICK UP,4x2 - 4x4,1996.0,AUTOMATICA,GAS OIL,EURO V,217.0,9.4,7.6,8.3
MERCEDES-BENZ,E 450 4MATIC,Coupe,4x4,2996.0,AUTOMATICA,NAFTA,EURO VI,208.0,12.5,7.3,9.1
PEUGEOT,308,5 Puertas,4x2,1598.0,MANUAL,NAFTA,EURO VI,168.63,10.44,6.38,7.47
SUZUKI,JIMNY,Rural,4x2 - 4x4,1462.0,AUTOMATICA,NAFTA,EURO V,158.0,8.2,6.1,6.9
TOYOTA,RAV4,SUV,4x4,2487.0,AUTOMATICA,NAFTA,EURO V,168.2,9.45,6.2,7.4
HYUNDAI,TUCSON,Rural,4x2 - 4x4,1995.0,AUTOMATICA,GAS OIL,EURO V,168.27,8.12,5.39,6.39
SUZUKI,JIMNY,Rural,4x2 - 4x4,1462.0,MANUAL,NAFTA,EURO V,146.0,7.7,5.7,6.4
TOYOTA,RAV4,SUV,4x2,2487.0,CVT,NAFTA / ELECTRICIDAD,EURO V,106.0,4.9,4.8,4.7
TOYOTA,RAV4,SUV,4x4,2487.0,CVT,NAFTA / ELECTRICIDAD,EURO V,109.75,5.11,4.85,4.83
MERCEDES-BENZ,MERCEDES-AMG C63,4 Puertas,4x2,3982.0,AUTOMATICA,NAFTA,EURO VI b,232.0,14.0,7.9,10.2
MERCEDES-BENZ,MERCEDES-AMG C63 S,4 Puertas,4x2,3982.0,AUTOMATICA,NAFTA,EURO VI b,237.0,14.2,8.1,10.4
NISSAN,SENTRA,4 Puertas,4x2,1798.0,CVT,NAFTA,EURO V,159.0,9.3,5.4,6.9
FORD,TRANSIT,Furgon,4x2,2198.0,MANUAL,GAS OIL,EURO VI,208.36,8.8,7.0,7.7
RENAULT,MEGANE 1.2 16V,5 Puertas,4x2,1197.0,AUTOMATICA,NAFTA,EURO VI b,140.0,7.7,5.0,6.0
MERCEDES-BENZ,C 400 4MATIC,4 Puertas,4x4,2996.0,AUTOMATICA,NAFTA,EURO VI b,188.0,11.6,6.3,8.3
MERCEDES-BENZ,C 400 4MATIC,Coupe,4x4,2996.0,AUTOMATICA,NAFTA,EURO VI b,198.0,12.1,6.8,8.8
BMW,330i,4 Puertas,4x2,1998.0,AUTOMATICA,NAFTA,EURO VI c,147.0,7.9,5.6,6.4
MERCEDES-BENZ,E 450 4MATIC,4 Puertas,4x4,2996.0,AUTOMATICA,NAFTA,EURO VI b,204.0,12.4,7.1,9.0
TOYOTA,PRIUS,5 Puertas,4x2,1798.0,CVT,NAFTA,EURO V,88.0,3.7,3.8,3.8
HAVAL,H6,Rural,4x2,1499.0,AUTOMATICA,NAFTA,EURO V,178.0,9.6,6.7,7.7
LEXUS,IS300,4 Puertas,4x2,1998.0,AUTOMATICA,NAFTA,EURO V,189.0,11.4,6.3,8.2
TOYOTA,RAV4,SUV,4x2,1987.0,CVT,NAFTA,EURO V,148.6,7.78,5.79,6.5
MERCEDES-BENZ,B 200,Rural,4x2,1332.0,AUTOMATICA,NAFTA,EURO VI b,134.0,7.4,4.9,5.9
MERCEDES-BENZ,C 200,4 Puertas,4x2,1991.0,AUTOMATICA,NAFTA,EURO VI b,163.0,9.8,5.6,7.2
MERCEDES-BENZ,C 300,4 Puertas,4x2,1991.0,AUTOMATICA,NAFTA,EURO VI b,163.0,9.8,5.6,7.2
MERCEDES-BENZ,C 300,Coupe,4x2,1991.0,AUTOMATICA,NAFTA,EURO VI b,168.0,10.1,5.8,7.4
MERCEDES-BENZ,C 300,Coupe,4x2,1991.0,AUTOMATICA,NAFTA,EURO VI b,180.0,10.6,6.3,7.9
MERCEDES-AMG,MERCEDES-AMG GT 63 S 4MATIC+,4 Puertas,4x4,3982.0,AUTOMATICA,NAFTA,EURO VI,247.1,15.1,9.1,11.3
RENAULT,KWID 1.0 12V,5 Puertas,4x2,999.0,MANUAL,NAFTA,EURO V,120.64,6.52,4.37,5.17
MERCEDES-AMG,C 63 - C 63 S,Coupe,4x2,3982.0,AUTOMATICA,NAFTA,EURO VI,216.9,14.1,8.0,10.3
LEXUS,RC350,Coupe,4x2,3456.0,AUTOMATICA,NAFTA,EURO V,213.33,13.1,6.86,9.15
MERCEDES-BENZ,A 250 AUTOMÁTICA,4 Puertas,4x2,1991.0,AUTOMATICA,NAFTA,EURO VI,151.0,9.1,5.2,6.6
MERCEDES-BENZ,B 250 AUTOMÁTICA,Rural,4x2,1991.0,AUTOMATICA,NAFTA,EURO VI,155.0,9.1,5.5,6.8
FORD,RANGER,PICK UP,4x2,2198.0,MANUAL,GAS OIL,EURO V,188.0,8.2,6.5,7.1
FORD,RANGER,PICK UP,4x4,2198.0,MANUAL,GAS OIL,EURO V,205.0,9.0,7.1,7.8
AUDI,RS4 - RS4 AVANT / RS5 - RS5 SPORTBACK,Rural,4x4,2894.0,AUTOMATICA,NAFTA,EURO VI b,202.0,11.7,7.3,8.9
AUDI,RS5  RS5 COUPÉ,Coupe,4x4,2894.0,AUTOMATICA,NAFTA,EURO VI b,199.0,11.6,7.2,8.8
VOLKSWAGEN,T-CROSS,SUV,4x2,1598.0,AUTOMATICA,NAFTA,EURO V,167.0,9.4,5.8,7.2
VOLKSWAGEN,T-CROSS,SUV,4x2,1598.0,MANUAL,NAFTA,EURO V,163.0,9.1,5.8,7.0
NISSAN,SENTRA,4 Puertas,4x2,1798.0,MANUAL,NAFTA,EURO V,168.0,9.9,5.6,7.2
AUDI,Q7,SUV,4x4,1984.0,AUTOMATICA,NAFTA,EURO VI b,188.0,9.3,7.2,8.0
BAIC,BJ20,Rural,4x2,1499.0,CVT,NAFTA,EURO V,179.0,9.4,6.7,7.7
BAIC,BJ20,Rural,4x2,1499.0,MANUAL,NAFTA,EURO V,170.0,9.1,6.2,7.3
LEXUS,IS300H,4 Puertas,4x2,2494.0,CVT,NAFTA / ELECTRICIDAD,EURO V,115.0,5.2,5.0,4.96
BMW,Z4 sDrive 30i,Coupe,4x2,1998.0,AUTOMATICA,NAFTA,EURO VI c,149.0,7.9,5.7,6.5
AUDI,A1,4 Puertas,4x2,1498.0,AUTOMATICA,NAFTA,EURO VI,123.58,9.03,6.12,7.08
AUDI,A1,4 Puertas,4x2,1498.0,MANUAL,NAFTA,EURO VI,129.4,7.97,5.81,6.61
PEUGEOT,2008,5 Puertas,4x2,1598.0,AUTOMATICA,NAFTA,EURO V,179.1,9.7,6.55,7.7
TOYOTA,SW4,SUV,4x4,2755.0,AUTOMATICA,GAS OIL,EURO V,230.0,10.9,7.5,8.7
AUDI,Q8,SUV,4x4,2967.0,AUTOMATICA,GAS OIL,EURO V,210.0,9.3,7.1,7.9
MITSUBISHI,L200 o TRITON,PICK UP,4x4,2442.0,MANUAL,GAS OIL,EURO V,208.0,10.0,7.7,8.5
MITSUBISHI,L200 o TRITON,PICK UP,4x4,2442.0,AUTOMATICA,GAS OIL,EURO V,225.0,10.0,7.7,8.5
NISSAN,MURANO,Rural,4x4,3498.0,CVT,NAFTA,EURO V,225.7,12.8,7.9,9.7
CHANGAN,MD201 o MD201-D,PICK UP,4x2,1243.0,MANUAL,NAFTA,EURO V,173.0,9.1,6.1,7.2
FAW,R7,5 Puertas,4x2,1598.0,MANUAL,NAFTA,EURO V,177.0,8.9,6.6,7.5
SUZUKI,VITARA,Rural,4x4,1373.0,AUTOMATICA,NAFTA,EURO V,145.0,7.91,5.2,6.2
CHANGAN,M201,Furgon,4x2,1243.0,MANUAL,NAFTA,EURO V,172.0,8.8,6.2,7.2
FAW,R7,5 Puertas,4x2,1598.0,AUTOMATICA,NAFTA,EURO V,185.02,10.94,6.37,7.85
CHANGAN,MD201 o MD201-X,PICK UP,4x2,1243.0,MANUAL,NAFTA,EURO V,190.0,9.2,6.5,7.5
CHANGAN,CS55,Rural,4x2,1499.0,AUTOMATICA,NAFTA,EURO V,172.0,92.0,6.0,7.2
ZOTYE,Z100,4 Puertas,4x2,997.0,MANUAL,NAFTA,EURO V,128.0,6.5,4.7,5.3
VOLKSWAGEN,VOYAGE,4 Puertas,4x2,1598.0,AUTOMATICA,NAFTA,EURO V,163.0,9.7,5.5,7.0
ZOTYE,T600C,4 Puertas,4x2,1502.0,MANUAL,NAFTA,EURO V,186.0,9.9,6.6,7.8
ZOTYE,Z360,4 Puertas,4x2,1499.0,MANUAL,NAFTA,EURO V,172.0,9.2,6.0,7.2
ZOTYE,T600C,4 Puertas,4x2,1502.0,AUTOMATICA,NAFTA,EURO V,202.0,11.5,6.4,8.3
VOLKSWAGEN,GOL,4 Puertas,4x2,1598.0,AUTOMATICA,NAFTA,EURO V,163.0,9.7,5.5,7.0
MASERATI,LEVANTE TROFEO,SUV,4x4,3798.0,AUTOMATICA,NAFTA,EURO VI b,310.8,19.02,10.63,13.69
MASERATI,LEVANTE GTS,SUV,4x4,3798.0,AUTOMATICA,NAFTA,EURO VI b,310.8,19.02,10.63,13.69
JAC,S7,5 Puertas,4x2,1997.0,AUTOMATICA,NAFTA,EURO V,228.0,13.4,7.7,9.8
JEEP,RENEGADE: TRAILHAWK 2.0 JTD LONGITUDE 2.0 JTD NIGHT EAGLE 2.0 JTD,4 Puertas,4x4,1956.0,AUTOMATICA,GAS OIL,EURO V,206.61,9.99,6.62,7.86
CHEVROLET,ONIX 1.4 - ONIX JOY 1.4 / PRISMA 1.4 - ONIX PLUS JOY 1.4,4 Puertas,4x2,1389.0,AUTOMATICA,NAFTA,EURO V,166.56,9.78,5.64,7.15
CHERY,TIGGO 4,5 Puertas,4x2,1971.0,MANUAL,NAFTA,EURO V,189.0,10.6,6.5,8.0
CHEVROLET,CRUZE,4 Puertas,4x2,1399.0,MANUAL,NAFTA,EURO V,148.7,8.25,5.33,6.41
KIA,SOUL,5 Puertas,4x2,1999.0,AUTOMATICA,NAFTA,EURO V,181.0,10.8,6.3,8.0
CITROËN,C4 LOUNGE,4 Puertas,4x2,1560.0,MANUAL,GAS OIL,EURO V,161.08,7.0,5.57,6.1
CHEVROLET,ONIX 1.4 - ONIX JOY 1.4,4 Puertas,4x2,1389.0,MANUAL,NAFTA,EURO V,166.12,9.7,5.65,7.14
CHEVROLET,PRISMA 1.4 - ONIX PLUS JOY 1.4,4 Puertas,4x2,1389.0,MANUAL,NAFTA,EURO V,164.32,9.53,5.48,6.99
HONDA,WR-V,5 Puertas,4x2,1496.0,CVT,NAFTA,EURO V,154.28,8.2,5.7,6.62
MERCEDES-BENZ,E 300,4 Puertas,4x2,1991.0,AUTOMATICA,NAFTA,EURO VI,152.6,9.7,5.8,7.3
NISSAN,KICKS,5 Puertas,4x2,1598.0,CVT,NAFTA,EURO V,154.0,8.1,5.6,6.7
KIA,CERATO CERATO FORTE,4 Puertas,4x2,1591.0,AUTOMATICA,NAFTA,EURO V,166.0,9.7,5.8,7.2
NISSAN,KICKS,5 Puertas,4x2,1598.0,MANUAL,NAFTA,EURO V,150.0,8.2,5.2,6.4
KIA,CERATO CERATO FORTE,4 Puertas,4x2,1591.0,MANUAL,NAFTA,EURO V,163.0,9.3,5.8,7.1
CHEVROLET,CRUZE,4 Puertas,4x2,1399.0,AUTOMATICA,NAFTA,EURO V,152.4,8.33,5.56,6.56
CHEVROLET,CRUZE,4 Puertas,4x2,1399.0,AUTOMATICA,NAFTA,EURO V,154.4,8.44,5.63,6.67
GREAT WALL,WINGLE 7 o STEED 7,PICK UP,4x2 - 4x4,1996.0,MANUAL,GAS OIL,EURO V,214.0,9.8,7.2,8.2
MERCEDES-BENZ,E 350,4 Puertas,4x2,1991.0,AUTOMATICA,NAFTA / ELECTRICIDAD,EURO VI,170.0,10.1,6.0,7.5
KYC,MAMUT,BUS,4x2,1493.0,MANUAL,NAFTA,EURO V,210.0,10.6,7.6,8.7
CHEVROLET,CRUZE 1.4 TRANSMISIÓN AUTOMÁTICA,4 Puertas,4x2,1399.0,AUTOMATICA,NAFTA,EURO V,156.1,8.26,5.84,6.73
CHEVROLET,CRUZE 1.4 TRANSMISIÓN AUTOMÁTICA,4 Puertas,4x2,1399.0,AUTOMATICA,NAFTA,EURO V,156.1,6.26,5.84,672.0
BMW,X2 M35i,Rural,4x4,1998.0,AUTOMATICA,NAFTA,EURO VI c,168.0,9.2,6.3,7.4
MERCEDES-BENZ,GLE 450 4MATIC,4 Puertas,4x4,2999.0,AUTOMATICA,NAFTA / ELECTRICIDAD,EURO VI,207.0,11.1,8.0,9.1
CITROËN,C4 SPACETOURER / GRAND C4 SPACETOURER,5 Puertas,4x2,1560.0,MANUAL,GAS OIL,EURO V,112.5,5.09,3.69,4.19
LAND ROVER,RANGE ROVER EVOQUE,SUV,4x4,1997.0,AUTOMATICA,NAFTA / ELECTRICIDAD,EURO VI d,191.99,12.71,7.91,9.31
PEUGEOT,2008,5 Puertas,4x2,1587.0,MANUAL,NAFTA,EURO V,190.56,10.78,6.63,8.15
PEUGEOT,308,5 Puertas,4x2,1560.0,MANUAL,GAS OIL,EURO V,154.56,6.65,5.41,5.87
SUZUKI,VITARA,Rural,4x4,1373.0,AUTOMATICA,NAFTA,EURO V,138.0,7.6,4.9,5.9
HONDA,FIT,5 Puertas,4x2,1496.0,CVT,NAFTA,EURO V,137.51,7.28,5.08,5.9
LAND ROVER,RANGE ROVER EVOQUE,SUV,4x4,1997.0,AUTOMATICA,NAFTA / ELECTRICIDAD,EURO V,187.6,10.44,6.72,8.08
FORD,MUSTANG,Coupe,4x2,5038.0,MANUAL,NAFTA,EURO VI b,295.0,19.3,9.3,13.0
HONDA,FIT,5 Puertas,4x2,1496.0,MANUAL,NAFTA,EURO V,143.0,7.9,5.1,6.1
FORD,RANGER,PICK UP,4x2,2488.0,MANUAL,NAFTA,EURO  V,264.0,15.0,9.3,11.4
MERCEDES-BENZ,VITO 121 VITO TOURER 121,Rural,4x2,1991.0,AUTOMATICA,NAFTA,EURO  V,211.0,11.3,7.6,9.0
MERCEDES-BENZ,VITO 111 CDI,Furgon,4x2,1598.0,MANUAL,GAS OIL,EURO  V,172.5,8.0,5.7,6.5
RENAULT,SANDERO Ph2 1.6 SANDERO Ph2 GT Line 1.6 MANUAL,5 Puertas,4x2,1598.0,MANUAL,NAFTA,EURO  V,162.72,9.0,5.74,6.95
RENAULT,SANDERO Ph2 STEPWAY 1.6,5 Puertas,4x2,1598.0,MANUAL,NAFTA,EURO  V,168.46,9.25,6.0,7.2
RENAULT,LOGAN Ph2 1.6,4 Puertas,4x2,1598.0,MANUAL,NAFTA,EURO  V,162.72,9.0,5.74,6.95
DS,DS 3 CROSSBACK,5 Puertas,4x2,1199.0,AUTOMATICA,NAFTA,EURO  V,138.9,7.7,5.2,6.1
MITSUBISHI,OUTLANDER,Rural,4x2 - 4x4,2360.0,CTT,NAFTA,EURO  V,176.1,9.2,6.0,7.2
CHANGAN,CS35 PLUS,5 Puertas,4x2,1598.0,MANUAL,NAFTA,EURO  V,172.0,9.2,6.0,7.2
HONDA,PILOT,Rural,4x2,3471.0,AUTOMATICA,NAFTA,EURO  V,238.0,7.0,12.8,9.8
FIAT,ARGO TREKKING 1.3,4 Puertas,4x2,1332.0,MANUAL,NAFTA,EURO  V,151.75,8.39,5.49,6.56
HONDA,PILOT TOURING,Rural,4x4,3471.0,AUTOMATICA,NAFTA,EURO V,238.0,7.0,12.8,9.8
FERRARI,812 SUPERFAST,Coupe,4x2,6496.0,MANUAL AUTOMATIZADA,NAFTA,EURO VI c,340.0,21.4,11.1,14.9
CITROËN,C4 SPACETOURER,5 Puertas,4x2,1598.0,MANUAL,NAFTA,EURO  V,153.3,8.9,5.0,6.4
CHANGAN,CS35 PLUS,5 Puertas,4x2,1598.0,AUTOMATICA,NAFTA,EURO  V,183.0,10.0,6.2,7.6
RENAULT,SANDERO Ph2 1.6 CVT SANDERO Ph2 GT LINE 1.6 CVT,5 Puertas,4x2,1598.0,CVT,NAFTA,EURO  V,158.35,8.75,5.63,6.78
RENAULT,SANDERO Ph2 STEPWAY 1.6 CVT,5 Puertas,4x2,1598.0,CVT,NAFTA,EURO  V,161.7,8.8,5.83,6.93
PORSCHE,911 CARRERA S (CB12),Coupe,4x2,2981.0,AUTOMATICA,NAFTA,EURO  V,208.0,13.4,7.2,9.5
PORSCHE,911 CARRERA S (CB22) / 911 CARRERA 4S (KB12 KB22),Coupe,4x2 - 4x4,2981.0,AUTOMATICA,NAFTA,EURO  V,213.4,13.6,7.3,9.6
TOYOTA,C-HR,5 Puertas,4x2,1798.0,CVT,NAFTA / ELECTRICIDAD,EURO  VI b,99.55,2.39,5.53,4.38
FORD,KUGA 2.5L FHEV,SUV,4x2,2488.0,E-CVT (Hibrida controlada electrónicamente),NAFTA / ELECTRICIDAD,EURO V,120.0,4.1,5.8,5.1
VOLKSWAGEN,BEETLE,Coupe,4x2,1984.0,AUTOMATICA,NAFTA,EURO V,186.9,10.5,6.5,8.0
VOLKSWAGEN,BEETLE,Coupe,4x2,1390.0,MANUAL,NAFTA,EURO V,163.1,9.0,5.8,7.0
CHEVROLET,SPIN ACTIV 1.8,4 Puertas,4x2,1796.0,MANUAL,NAFTA,EURO V,192.83,10.68,6.64,8.13
