vehiculo_marca,vehiculo_modelo,vehiculo_tipo,vehiculo_traccion,vehiculo_id_motor,vehiculo_cilindrada,vehiculo_potencia,vehiculo_tipo_transmision,vehiculo_tipo_combustible,vehiculo_standard_emision,lca_numero,fecha_firma,ensayo_gei_numero,ensayo_gei_laboratorio,emision_CO2,consumo_urbano,consumo_extraurbano,consumo_mixto,id_etiqueta
TOYOTA,LAND CRUISER 200,SUV,4x4,TOYOTA 1VD-FTV,4461,,AUTOMÁTICA,GAS OIL,EURO V,,04/10/2017,H1860666086/241,VINÇOTTE nv,260.7,11.56,8.94,9.9,000001A
RENAULT,FLUENCE 2.0 16V,SEDÁN 4 PUERTAS,4x2,RENAULT M4RK7,1997,,CVT,NAFTA,EURO V,,22/06/2016, 09/09790,UTAC,175.4,10.5,6.1,7.7,000178A
RENAULT,DUSTER 2.0 16v,SEDÁN 5 PUERTAS,4x2,RENAULT F4R E4,1998,105,MANUAL,NAFTA,EURO V,,,R1-0210/17,DELPHI,198.86,11.13,6.98,8.52,000650C
RENAULT,DUSTER 2.0 16v 4X4,SEDÁN 5 PUERTAS,4X4,RENAULT F4R E4,1998,105,MANUAL,NAFTA,EURO V,,,R1-0209/17,DELPHI,199.74,11.2,7.01,8.55,000659C
CITROËN,DS4,COUPÉ 3 + 2 PUERTAS,4x2,CITROËN EP6CDTM (5FM),1598,,AUTOMÁTICA,NAFTA,EURO V,,11/10/2011,11/04511,UTAC,177.6,10.6,6,7.7,000106A
CITROËN,DS3,BERLINA 3 PUERTAS,4x2,CITROËN EP6CDT (5FV),1598,,MANUAL,NAFTA,EURO V,,21/12/2011,11/02413,UTAC,140.8,8.2,4.7,6,000118A
LEXUS,GS450H,SEDÁN 4 PUERTAS,4x2,TOYOTA 2GR-FXE,3456,,CVT,NAFTA / ELECTRICIDAD,EURO V,,31/08/2016,H16600550047/066,VINÇOTTE nv,145,6.6,5.9,6.2,000214B
CITROËN,DS3,BERLINA 3 PUERTAS,4x2,CITROËN EP6C (5FS) ,1598,,MANUAL,NAFTA,EURO V,,01/10/2012,09/02572,UTAC,141.2,8,4.9,6,000120A
PEUGEOT,208,BERLINA 5 PUERTAS,4x2,EC5 (NFP),1587,83,MANUAL,NAFTA,EURO V,,19/04/2018,R1-0220/17,DELPHI,173.77,10.17,5.84,7.44,000415B
TOYOTA,RAV4,SUV,4x4,TOYOTA 2AR-FE,2494,,AUTOMÁTICA,NAFTA,EURO V,,31/01/2018,H1660550047/253 Ext. 02,VINÇOTTE nv,197.7,11.4,6.9,8.5,000002A
FORD,FOCUS,HATCH 5 PUERTAS SEDÁN 5 PUERTAS,4x2,FORD 1.6L Sigma I-4,1596,,MANUAL,NAFTA,EURO V,,31/01/2017,ESR340701,VCA,152.55,9.24,4.98,6.55,000135A
PEUGEOT / CITROËN,301 / C-ELYSÉE ,BERLINA 4 PUERTAS,4x2,PEUGEOT / CITROËN EC5 (NFP),1587,,MANUAL,NAFTA,EURO V,,07/10/2013,12/03150,UTAC,153.9,8.8,5.3,6.5,000352B
HYUNDAI,H-100,CHASIS LARGO / CHASIS EXTRA LARGO,4x2,HYUNDAI D4CB,2497,,MANUAL,GAS OIL,EURO V,,24/01/2018,KR12050004,IDIADA,256,12.4,8.2,9.7,000193B
HYUNDAI,GRAND i10,SEDÁN 5 PUERTAS,4x2,HYUNDAI G4LA,1248,,MANUAL,NAFTA,EURO V,,31/01/2017,KR14040131,IDIADA,136.64,7.46,4.97,5.89,000137A
HYUNDAI,GRAND i10,SEDÁN 5 PUERTAS,4x2,HYUNDAI G4LA,1248,,AUTOMÁTICA,NAFTA,EURO V,,31/01/2017,KR14040132,IDIADA,149.57,8.11,5.46,6.44,000138A
RENAULT,DUSTER OROCH 2.0 16v,CAMIONETA 4 PUERTAS,4x2,RENAULT F4R E4,1998,,MANUAL,NAFTA,EURO V,,05/05/2015,R1-0043/15,DELPHI,181.53,10.4,6.23,7.78,000642C
HYUNDAI,H350,FURGÓN / CHASIS CON CABINA,4x2,HYUNDAI D4CB,2497,,MANUAL (RF 3.538),GAS OIL,EURO V,,24/06/2015,KR14080042,IDIADA,229,10.5,7.6,8.7,000197B
HYUNDAI,H350,CAMIÓN,4x2,HYUNDAI D4CB,2497,,MANUAL (RF 3.538),GAS OIL,EURO V,,24/06/2015,KR14080042,IDIADA,261,12.2,8.6,9.9,000198B
HYUNDAI,H350,FURGÓN / CHASIS CON CABINA,4x2,HYUNDAI D4CB,2497,,MANUAL (RF 3.917),GAS OIL,EURO V,,24/06/2015,KR14080044,IDIADA,246,11.4,8.1,9.4,000199B
HYUNDAI,H350,CAMIÓN,4x2,HYUNDAI D4CB,2497,,MANUAL (RF 3.917),GAS OIL,EURO V,,24/06/2015,KR14080044,IDIADA,261,12.2,8.6,9.9,000200B
SUZUKI,VITARA,RURAL 5 PUERTAS 2WD,4x2,SUZUKI M16A,1586,,MANUAL,NAFTA,EURO V,,24/06/2015,RDW-83R-0023329,RDW,139.26,7.26,5.26,6,000248B
SUZUKI,VITARA,RURAL 5 PUERTAS 2WD,4x2,SUZUKI M16A,1586,,AUTOMÁTICA,NAFTA,EURO V,,24/06/2015,RDW-83R-0027134,RDW,140.23,7.48,5.22,6.05,000249B
SUZUKI,VITARA,RURAL 5 PUERTAS 4WD,4x4,SUZUKI M16A,1586,,AUTOMÁTICA,NAFTA,EURO V,,24/06/2015,RDW-83R-0027135,RDW,147.96,7.88,5.51,6.38,000250B
CHEVROLET,MONTANA 1.8,FURGONETA,4x2,CHEVROLET A18XE (1.8 SOHC),1796,,MANUAL,NAFTA,EURO V,,31/01/2017,CPLE 085/2016,GENERAL MOTORS DO BRASIL LTDA.,198.87,11.35,6.68,8.4,000213B
LIFAN,X50,SEDÁN 5 PUERTAS,4x2,LIFAN LF479Q2-B,1498,,MANUAL,NAFTA,EURO V,,03/07/2015,13-00377-CP-SHA-00,TÜV SÜD Auto Service,183,10.1,6.3,7.7,000172A
LIFAN,X50,SEDÁN 5 PUERTAS,4x2,LIFAN LF479Q2-B,1498,,CVT,NAFTA,EURO V,,03/07/2015,13-00378-CP-SHA-00,TÜV SÜD Auto Service,187,10.2,6.5,7.8,000173A
TOYOTA,LAND CRUISER PRADO,TODO TERRENO,4x4,TOYOTA 1GR-FE,3956,202,AUTOMÁTICA,NAFTA,EURO V,,20/11/2017,H1860666086/106,VINÇOTTE nv,267.8,15.42,9.2,11.49,000505B
FORD,S-MAX,SEDÁN 5 PUERTAS,4x2,FORD 2.0L GTDI,1999,,AUTOMÁTICA,NAFTA,EURO VI,,11/08/2015,T02 USQ305855-3,VCA,204,12.5,6.9,8.9,000105A
BMW,118i,SEDÁN 3/5 PUERTAS,4x2,BMW B38B15A (100 kW),1499,,AUTOMÁTICA,NAFTA,EURO VI b,,04/09/2015,201535562,DEKRA,122,6.4,4.6,5.2,000124A
HYUNDAI,TUCSON,SUV,4x2,HYUNDAI G4NA,1999,,MANUAL,NAFTA,EURO V,,10/11/2015,VSQ316426,VCA,186.1,10.82,6.2,7.7,000174A
HYUNDAI,TUCSON,SUV,4x4,HYUNDAI G4NA,1999,,MANUAL,NAFTA,EURO V,,10/11/2015,VSQ316426,VCA,192.9,11.03,6.7,8.3,000175A
HYUNDAI,TUCSON,SUV,4x2,HYUNDAI G4NA,1999,,AUTOMÁTICA,NAFTA,EURO V,,10/11/2015,VSQ316426,VCA,188.98,11.26,6.31,8.1,000176A
HYUNDAI,TUCSON,SUV,4x4,HYUNDAI G4NA,1999,,AUTOMÁTICA,NAFTA,EURO V,,10/11/2015,VSQ316426,VCA,200.06,11.59,6.86,8.6,000177A
BMW,320i,SEDÁN 4 PUERTAS,4x2,BMW B48B20A,1998,135,AUTOMÁTICA,NAFTA,EURO VI b,,10/11/2016,201535474,DEKRA,134,7.6,4.7,5.8,000539C
HYUNDAI,TUCSON,SUV,4x2 / 4x4,HYUNDAI D4HA,1995,,MANUAL,DIESEL,EURO V,,20/11/2015,VSR337023,VCA,146,6.9,4.8,5.6,000189B
HYUNDAI,TUCSON,SUV,4x2,HYUNDAI D4HA,1995,,AUTOMÁTICA,DIESEL,EURO V,,20/11/2015,VSQ316435,VCA,159,7.9,5.1,6.1,000190B
HYUNDAI,TUCSON,SUV,4x4,HYUNDAI D4HA,1995,,AUTOMÁTICA,DIESEL,EURO V,,20/11/2015,VSQ316435,VCA,169,8.2,5.4,6.4,000191B
HYUNDAI,CRETA (ix25),SUV,4x2,HYUNDAI G4FG,1591,,MANUAL,NAFTA,EURO V,,01/04/2016,KR15060114,IDIADA,156,8.7,5.6,6.7,000170A
HYUNDAI,CRETA (ix25),SUV,4x2,HYUNDAI G4FG,1591,,AUTOMÁTICA,NAFTA,EURO V,,01/04/2016,KR15060114,IDIADA,163,9.1,5.8,7,000171A
TOYOTA,PRIUS,SEDÁN 5 PUERTAS,4x2,TOYOTA 2ZR-FXE NAFTA ELÉCTRICO,1798,,CVT,NAFTA,EURO V,,18/12/2017,JSQ326127,VCA,88,3.7,3.8,3.8,000003A
HYUNDAI,TUCSON,SUV,4x2 / 4x4,HYUNDAI G4FJ,1591,,AUTOMÁTICA,NAFTA,EURUO V,,03/05/2016,83-V039-44286-10,TÜV Rheinland,184,10,6.7,7.9,000181B
PEUGEOT,308,BERLINA 5 PUERTAS,4x2,PEUGEOT EP6FDTR (5GN/5GP),1598,,MANUAL,NAFTA,EURO VI b,,21/04/2016,15/01222,UTAC,144,8.1,4.9,6,000141A
LEXUS,GS350,SEDÁN 4 PUERTAS,4x2,TOYOTA 2GR-FKS,3456,,AUTOMÁTICA,NAFTA,EURO V,,11/04/2018,H1560161643/259,AIV-VINÇOTTE International n.v.,224,13.4,7.4,9.6,000223B
CHEVROLET,TRACKER 1.8,5 PUERTAS HB,4x2,CHEVROLET 2H0 A18XER o F18D4 (1.8 DOHC),1796,,MANUAL,NAFTA,EURO V,,07/02/2017,KR18060019,IDIADA,190.6,11.43,6.3,8.19,000342B
CHEVROLET,TRACKER 1.8,5 PUERTAS HB,4x4,CHEVROLET 2H0 A18XER o F18D4 (1.8 DOHC),1796,,AUTOMÁTICA,NAFTA,EURO V,,09/02/2018,KR18060020,IDIADA,204.9,12.06,6.91,8.8,000350B
CITROËN / DS,DS 3,BERLINA 3 PUERTAS CABRIOLET,4x2,CITROËN EP6FDTX (5GR),1598,,MANUAL,NAFTA,EURO VI b,,29/06/2016,15/09978,UTAC,129.4,6.9,4.6,5.4,000131A
PEUGEOT,208,BERLINA 5 PUERTAS,4x2,PEUGEOT DV6DTED (9HP),1560,,MANUAL,GAS OIL,EURO V,,13/06/2016,15/06824,UTAC,99.9,4.6,3.5,3.9,000353B
HONDA,CIVIC,SEEDÁN 4 PUERTAS,4x2,HONDA L15B7,1498,,CVT,NAFTA,EURO V,,18/08/2016,T02 BSR345745 00,VCA,143,8.2,4.9,6.1,000109A
HONDA,CIVIC,SEDÁN 4 PUERTAS,4x2,HONDA R20Z5,1997,,MANUAL,NAFTA,EURO V,,18/08/2016,T02 BSR345745 02 01,VCA,169,9.9,5.5,7,000414B
HONDA,CIVIC,SEDÁN 4 PUERTAS,4x2,HONDA R20Z5,1997,,CVT,NAFTA,EURO V,,18/08/2016,T02 BSR345745 01,VCA,158.39,9.09,5.46,6.8,000128A
CHEVROLET,COBALT 1.8 TRANSMISIÓN AUTOMÁTICA,SEDÁN 4 PUERTAS,4x2,CHEVROLET A18XE / LJ1 (1.8 SOHC),1796,,AUTOMÁTICA,NAFTA,EURO V,,18/01/2018,CPLE 076/2016 Rev.2,CAMPO DE PROVAS DA CRUZ ALTA GM BRASIL,186.39,11.54,5.86,7.91,000166A
CHEVROLET,COBALT 1.8,SEDÁN 4 PUERTAS,4x2,CHEVROLET A18XE / LJ1 (1.8 SOHC),1796,,MANUAL,NAFTA,EURO V,,18/01/2018,CPLE075/2016 REV. 2,CAMPO DE PROVAS DA CRUZ ALTA GM BRASIL,174.66,10.53,5.6,7.42,000094A
NISSAN,MARCH,SEDÁN 5 PUERTAS,4x2,NISSAN HR16,1598,79,MANUAL,NAFTA,EURO V,,,LC 0061 B31 18,LUXCONTROL S.A.,151,8.6,5.3,6.5,000356B
NISSAN,MARCH,SEDÁN 5 PUERTAS,4x2,NISSAN HR16,1598,79,AUTOMÁTICA,NAFTA,EURO V,,,LC 0061 B32 18,LUXCONTROL S.A.,160,9.1,5.6,6.9,000357B
PEUGEOT / CITROËN,301 / C-ELYSÉE ,BERLINA 4 PUERTAS,4x2,PEUGEOT / CITROËN EC5 (NFP) ,1587,,MANUAL,NAFTA,EURO VI b,,12/08/2016, 15/0777,UTAC,150,8.7,5,6.4,000127A
PEUGEOT / CITROËN,301 / C-ELYSÉE ,BERLINA 4 PUERTAS,4x2,PEUGEOT / CITROËN EC5 (NFP) ,1587,,AUTOMÁTICA,NAFTA,EURO VI b,,,15/07251,UTAC,157.8,9.2,5.3,6.8,000129A
PEUGEOT / CITROËN,301 / C-ELYSÉE ,BERLINA 4 PUERTAS,4X2,PEUGEOT / CITROËN DV6TED (9HP) ,1560,,MANUAL,GAS OIL,EURO V,,18/08/2016,13/08906,UTAC,109.3,4.9,3.9,4.3,000136A
CHEVROLET,CAMARO 6.2,SEDÁN 3 PUERTAS COUPÉ,4x2,CHEVROLET LT1 - 6.2L,6162,,AUTOMÁTICA,NAFTA,EURO VI a,,30/08/2016,LCA 53 0012 297 15,LUXCONTROL S.A.,260,17.4,7.8,11.3,000075A
CHEVROLET,CAMARO 6.2,CONVERTIBLE,4x2,CHEVROLET LT1 - 6.2L,6162,,AUTOMÁTICA,NAFTA,EURO VI a,,30/08/2016,LCA 53 0012 297 15,LUXCONTROL S.A.,269,18.1,8.1,11.7,000076A
BMW,120i / 220i,SEDÁN 5 PUERTAS / COUPÉ,4x2,BMW B48B20A,1998,135,AUTOMÁTICA,NAFTA,EURO VI b,,13/09/2016,201638653,DEKRA,135,7.4,5,5.9,000527C
BMW,220i,CONVERTIBLE,4x2,BMW B48B20A,1998,135,AUTOMÁTICA,NAFTA,EURO VI b,,13/09/2016,201638653,DEKRA,140,7.7,5.2,6.1,000528C
HONDA,WR-V,SEDÁN 5 PUERTAS,4x2,HONDA L15Z9,1496,,CVT,NAFTA,EURO V,,13/08/2018,T02 BSS360549 00,VCA,154,8.2,5.7,6.6,000088A
BMW,M140i,SEDÁN 3 PUERTAS / 5 PUERTAS / COUPÉ,4x2,BMW B58B30A,2998,,AUTOMÁTICA,NAFTA,EURO VI b,,24/10/2016,201638657,DEKRA,163,9.4,5.8,7.1,000184B
BMW,M240i,CONVERTIBLE,4x2,BMW B58B30A,2998,,AUTOMÁTICA,NAFTA,EURO VI b,,24/10/2016,201638657,DEKRA,163,9.4,5.8,7.1,000185B
CITROËN / DS,DS 4,BERLINA 5 PUERTAS,4x2,CITROËN EP6FDTX (5GM),1598,,MANUAL,NAFTA,EURO VI b,,13/08/2018,15/06043,UTAC,137.7,7.6,5,5.9,000130A
PEUGEOT,2008,BERLINA 5 PUERTAS,4x2,PEUGEOT EC5 (NFP),1587,83,AUTOMÁTICA,NAFTA,EURO V,,28/05/2018,1-0161/17,DELPHI,176.54,9.96,6.18,7.57,000420B
PEUGEOT,208,BERLINA 5 PUERTAS,4x2,PEUGEOT EC5 (NFP),1587,83,AUTOMÁTICA,NAFTA,EURO V,,12/12/2017,R2-0175/17,DELPHI,173.72,10.04,5.92,7.44,000430B
CITROËN,C3 AIRCROSS,SUV,4x2,CITROËN EC5 (NFP),1587,83,AUTOMÁTICA,NAFTA,EURO V,,19/09/2018,0298/17,DELPHI,183.12,10.39,6.34,7.86,000519C
FORD,ECOSPORT,SUV 5 PUERTAS,4x2,PSA 1.5 DV5D ,1498,,MANUAL,DIESEL,EURO V,,,16TXP0445-00,TÜV Rheinland,120.1,4.84,4.43,4.58,000134A
FORD,ECOSPORT,SUV,4x2,FORD 2.0L GDI,1999,125,AUTOMÁTICA,NAFTA,EURO V,,25/04/2018,TR83-USS379499,VCA,204.29,11.83,7.05,8.8,000493B
FORD,ECOSPORT,SUV,4x4,FORD 2.0L GDI,1999,125,AUTOMÁTICA,NAFTA,EURO V,,25/04/2018,TR83-USS357051 Rev. 1,VCA,200.43,11.65,6.93,8.65,000494B
FIAT,ARGO DRIVE 1.3 ,BERLINA,4x2,FIAT 55282059,1332,,MANUAL,NAFTA,EURO V,,24/10/2017,10268,FCA FIAT CHRYSLER AUTOMÓVEIS BRASIL LTDA.,148.42,8.13,5.32,6.36,000180B
FIAT,ARGO PRECISION 1.8,BERLINA,4x2,FIAT 55273256,1747,,MANUAL,NAFTA,EURO V,,19/04/2017,17057,FCA FIAT CHRYSLER AUTOMOVEIS BRASIL,169.73,10.02,5.68,7.27,000188B
FIAT,ARGO HGT 1.8,BERLINA,4x2,FIAT 55273256,1747,,MANUAL,NAFTA,EURO V,,19/04/2017,17057,FCA FIAT CHRYSLER AUTOMOVEIS BRASIL,169.73,10.02,5.68,7.27,000188B
LIFAN,MYWAY 1.8 VVT,RURAL 5 PUERTAS,4x2,LIFAN LFB479Q-h,1794,,MANUAL,NAFTA,EURO V,,13/07/2017,CN16110139,IDIADA,190,10.2,6.8,8.1,000179B
CHERY,TIGGO 5 1.5 MT,HATCHBACK,4x2,CHERY SQRE4T15,1498,,MANUAL,NAFTA,EURO V,,19/10/2016,CSS364588,VCA,186,9.9,6.7,7.9,000108A
PEUGEOT,5008,RURAL 5 PUERTAS,4x2,PEUGEOT EP6FDTM (5GY),1598,,AUTOMÁTICA,NAFTA,EURO V,,19/07/2017,16/06627,UTAC,170.8,10.1,6.7,7.3,000144A
VOLKSWAGEN,UP! - UP! TSI,SEDÁN 2 o 4 PUERTAS CON PORTÓN TRASERO,4x2,VOLKSWAGEN DNB,999,,MANUAL,NAFTA,EURO V,,27/06/2017,259/16,LABORATORIO DE VOLKSWAGEN DO BRASIL,126.67,6.9,4.58,5.44,000260B
HONDA,CR-V,RURAL,4x4,HONDA L15BE,1498,,CVT,NAFTA,EURO V,,09/08/2017,H1760552835/004,VINÇOTTE nv,161,8.7,5.8,6.9,000092A
ALFA ROMEO,GIULIA,BERLINA,4x2,ALFA ROMEO 55273835,1995,,AUTOMÁTICA,NAFTA,EURO VI,,09/08/2017,F0621/2/BO,CENTRO PROVA AUTOVEICOLI BOLOGNA,199.7,12.94,6.12,8.65,000183B
ALFA ROMEO,GIULIA QUADRIFOGLIO,BERLINA,4x2,ALFA ROMEO 670050436,2891,,AUTOMÁTICA,NAFTA,EURO VI b,,19/07/2017,G0415/2/BO,CENTRO PROVA AUTOVEICOLI BOLOGNA,187.98,12.42,5.72,8.15,000196B
FIAT,CRONOS PRESICION 1.8 MT,BERLINA,4x2,FIAT 55273256,1747,,MANUAL,NAFTA,EURO V,,10/10/2017,10461,FIAT AUTOMOVEIS S.A.,166.26,9.63,5.65,7.13,000335B
PEUGEOT / CITROËN,TRAVELLER / SPACETOURER,MICROOMNIBUS,4x2,PEUGEOT / CITROËN DW10FD (AHX),1997,,AUTOMÁTICA,GAS OIL,EURO VI,,22/06/2018,16/06167,UTAC,165.1,7.3,5.8,6.4,000123A
TOYOTA,HILUX,PICK UP CABINA SIMPLE DOBLE,4x2 - 4x4,TOYOTA 2GD-FTV,2393,,MANUAL,GAS OIL,EURO V,,03/08/2017,JST407442,VCA,197,8.9,6.6,7.5,000072A
TOYOTA,HILUX,PICK UP CABINA DOBLE,4x2 - 4x4,TOYOTA 1GD-FTV,2755,,MANUAL,GAS OIL,EURO  V,,22/06/2018,JST407441,VCA,208,9.1,7.2,7.9,000004A
TOYOTA,HILUX,PICK UP CABINA DOBLE,4x2 - 4x4,TOYOTA 1GD-FTV,2755,,AUTOMÁTICA,GAS OIL,EURO V,,22/06/2018,VST409957,VCA,226,11.3,7,8.6,000005A
CHEVROLET,TRAILBLAZER 2.8 TRANSMISIÓN AUTOMÁTICA,SUV,4x2 - 4x4,CHEVROLET LWN (XLDE) - DURAMAX / CTDI 2.8L,2776,,AUTOMÁTICA,GAS OIL,EURO V,,06/12/2018,CPLE 032/2018,GENERAL MOTORS DO BRASIL LTDA.,257.19,12.6,8.16,9.78,000210B
TOYOTA,CAMRY,SEDÁN 4 PUERTAS,4x2,TOYOTA 2AR-FE,2494,,AUTOMÁTICA,NAFTA,EURO V,,01/09/2017,H1760161643/410 TR,VINÇOTTE nv,200,11.77,6.8,8.6,000006A
TOYOTA,CAMRY,SEDÁN 4 PUERTAS,4x2,TOYOTA 2GR-FKS,3456,,AUTOMÁTICA,NAFTA,EURO V,,01/09/2017,H1760161643/411 TR,VINÇOTTE nv,206,13,6.7,9,000007A
TOYOTA,INNOVA,FAMILIAR,4x2,TOYOTA 2TR-FE,2694,,AUTOMÁTICA,NAFTA,EURO V,,01/09/2017,JSQ320070,VCA,241,13.4,8.6,10.4,000008A
PEUGEOT / CITROËN,PARTNER / BERLINGO,FAMILIAR-FURGÓN,4x2,PSA EC5 (NFP),1587,,MANUAL,NAFTA,EURO V,,12/04/2018,0179/17,DELPHI,205.58,11.43,7.28,8.8,000355B
FIAT,ARGO PRECISION 1.8 AT6,BERLINA,4x2,FIAT 55280490,1747,,AUTOMÁTICA,NAFTA,EURO V,,10/10/2017,10386,FIAT AUTOMOVEIS S.A.,183.78,10.96,6.09,7.89,000201B
FIAT,ARGO HGT 1.8 AT6,BERLINA,4x2,FIAT 55280490,1747,,AUTOMÁTICA,NAFTA,EURO V,,10/10/2017,10386,FIAT AUTOMOVEIS S.A.,183.78,10.96,6.09,7.89,000201B
FIAT,STRADA WORKING 1.4 CC / CD,PICK UP,4x2,FIAT 310A2011,1368,,MANUAL,NAFTA,EURO V,,15/01/2018,10371,FIAT AUTOMOVEIS S.A.,188.38,10.87,6.45,8.08,000139A
FIAT,CRONOS PRESICION 1.8 AT6,SEDÁN,4x2,FIAT 55280490,1747,,AUTOMÁTICA,NAFTA,EURO V,,10/10/2017,10386,FIAT AUTOMOVEIS S.A.,183.78,10.96,6.09,7.89,000351B
FIAT,CRONOS DRIVE 1.3,BERLINA,4x2,FIAT 55282059,1332,,MANUAL,NAFTA,EURO V,,10/10/2017,10481,FCA FIAT CHRYSLER AUTOMOVEIS BRASIL,147.65,8.1,5.29,6.33,000203B
FIAT,STRADA ADVENTURE 1.6 16V CABINA DOBLE,PICK UP,4x2,FIAT 178F4055,1598,,MANUAL,NAFTA,EURO V,,24/10/2017,10370,FIAT AUTOMOVEIS S.A.,194.46,10.83,6.88,8.33,000155A
CHEVROLET,S10 2.8,PICK UP CABINA SIMPLE - CABINA DOBLE,4x2 - 4x4,CHEVROLET LWN (XLDE) - DURAMAX / CTDI 2.8L,2776,,MANUAL,GAS OIL,EURO V,,18/01/2018,CPLE 030/2018,GENERAL MOTORS DO BRASIL LTDA.,238.62,11.37,7.75,9.08,000206B
CHEVROLET,S10 2.8,PICK UP CABINA SIMPLE - CABINA DOBLE,4x2 - 4x4,CHEVROLET LWN (XLDE) - DURAMAX / CTDI 2.8L,2776,,AUTOMÁTICA,GAS OIL,EURO V,,18/01/2018,CPLE 031/2018,GENERAL MOTORS DO BRASIL LTDA.,250.93,12.35,7.92,9.53,000209B
ALFA ROMEO,GIULIA 2.0 VELOCE,BERLINA,4x2 - 4x4,ALFA ROMEO 55273835,1995,,AUTOMÁTICA,NAFTA,EURO VI b,,09/10/2017,G0680/2/BO,CENTRO PROVA AUTOVEICOLI BOLOGNA,149.14,9.04,5,6.47,000205B
FAW,ACTIS V80,MINIBUS - FURGÓN,4x2,FAW CA4GX15,1495,72,MANUAL,NAFTA,EURO V,,05/12/2017,88-R101-515/14-00,TÜV Rheinland,163,8.5,6.1,7,000416B
CHEVROLET,SPIN ACTIV 1.8,MONOVOLÚMEN 4 PUERTAS Y PORTÓN TRASERO,4x2,CHEVROLET LJ1 – (FAM1 GV 1.8L SOHC 2V),1796,,MANUAL,NAFTA,EURO V,,05/12/2017,CPLE 042/2017 Rev.1,GENERAL MOTORS DO BRASIL LTDA.,192.84,10.69,6.64,8.13,000234B
CHEVROLET,SPIN 1.8,MOMOVOLÚMEN 4PUERTAS Y PORTÓN TRASERO (5 / 7 ASIENTOS),4x2,CHEVROLET LJ1 – (FAM1 GV 1.8L SOHC 2V),1796,,MANUAL,NAFTA,EURO V,,05/12/2017,CPLE 039/2017,GENERAL MOTORS DO BRASIL LTDA.,184.54,10.45,6.22,7.78,000259B
CHEVROLET,SPIN ACTIV 1.8 TRANSMISIÓN AUTOMÁTIA,MONOVOLÚMEN 4 PUERTAS Y PORTÓN TRASERO (5 / 7 ASIENTOS),4x2,CHEVROLET LJ1 – (FAM1 GV 1.8L SOHC 2V),1796,,AUTOMÁTICA,NAFTA,EURO V,,24/01/2018,CPLE 041/2017 Rev.1,GENERAL MOTORS DO BRASIL LTDA.,189.24,10.91,6.55,8.16,000332B
CHEVROLET,SPIN 1.8 TRANSMISION AUTOMATICA,MOMOVOLÚMEN 4PUERTAS Y PORTÓN TRASERO,4x2,CHEVROLET LJ1 – (FAM1 GV 1.8L SOHC 2V),1796,,AUTOMÁTICA,NAFTA,EURO V,,27/12/2017,CPLE 040/2017 Rev.1,GENERAL MOTORS DO BRASIL LTDA.,176.52,10.29,5.8,7.45,000232B
FAW,ACTIS T80,CHASIS CON CABINA SIMPLE,4x2,FAW CA4GX15,1495,72,MANUAL,NAFTA,EURO V,,13/11/2017,04701-CCC2019QTRWT230741,CHANGCHUN AUTOMOBILE TEST CENTER,166,8.5,6,6.9,000417B
FAW,ACTIS T80,CHASIS CON CABINA DOBLE,4x2,FAW CA4GX15,1495,72,MANUAL,NAFTA,EURO V,,13/11/2017,04701-CCC2019QTRWT229741,CHANGCHUN AUTOMOBILE TEST CENTER,161,8.4,5.7,6.7,000418B
VOLKSWAGEN,GOLF o GOLF GTI,SEDÁN 2 o 4 PUERTAS CON PORTÓN TRASERO,4x2,VOLKSWAGEN CXDB,1984,,AUTOMÁTICA,NAFTA,EURO V,,22/01/2018,CAE-16-3149,CENTRO DE ANÁLISIS DE EMISIONES DE VW DE MÉXICO,168.21,9.17,6.16,7.25,000202B
VOLKSWAGEN,TIGUAN o TIGUAN LWB,SUV – CROSSOVER 4 PUERTAS CON PORTÓN TRASERO,4x4,VOLKSWAGEN CXDA,1984,,AUTOMÁTICA,NAFTA,EURO V,,10/11/2017,CAE-17-0285,CENTRO DE ANÁLISIS DE EMISIONES DE VW DE MÉXICO,195.43,10.92,6.99,8.42,000167A
LIFAN,FOISON: TRUCK-STAKE TRUK-BOX-CARGO FURGÓN,PICK UP: CAJA BAJA JAULA CAJA PAQUETERA FURGÓN,4x2,LIFAN LF470Q-h,1206,,MANUAL,NAFTA,EURO V,,13/11/2017,89-R101-345/17-00,TÜV Rheinland,168,9.2,5.9,7.1,000192B
FORD,MUSTANG,COUPÉ,4x2,FORD 5.0L,5038,,AUTOMÁTICA,NAFTA,EURO VI b,,12/12/2017,TR83-USS379968-003,VCA,290.13,19.29,8.96,12.73,000093A
HONDA,FIT,SEDÁN 5 PUERTAS,4x2,HONDA L15ZA,1496,,MANUAL,NAFTA,EURO V,,31/01/2018,T02 BST402848 02,VCA,142.92,7.86,5.12,6.13,000121A
HONDA,FIT,SEDÁN 5 PUERTAS,4x2,HONDA L15ZA,1496,,CVT,NAFTA,EURO V,,31/01/2018,T02 BST402848 01,VCA,137.51,7.28,5.08,5.9,000119A
BMW,X1 sDrive 20i,RURAL,4x2,BMW B48A20A,1998,,AUTOMÁTICA,NAFTA,EURO VI c,,22/01/2018,201741950,DEKRA,139,7.4,5.3,6.1,000125A
BMW,X2 sDrive 20i,RURAL,4x2,BMW B48A20A,1998,,AUTOMÁTICA,NAFTA,EURO VI c,,31/01/2018,201742594,DEKRA,138,7.4,5.3,6,000122A
LIFAN,X70,SUV,4x2,LIFAN LF483Q,1998,,MANUAL,NAFTA,EURO V,,06/02/2018,89-R83-526/17-00,TÜV Rheinland,189,10.5,6.5,7.9,000194B
LIFAN,X70,SUV,4x2,LIFAN LF483Q,1998,,CVT,NAFTA,EURO V,,06/02/2018,89-R83-527/17-00,TÜV Rheinland,207,11.7,6.9,8.7,000195B
TOYOTA,YARIS,SEDÁN 4/5 PUERTAS,4x2,TOYOTA 2NR-FE,1496,,MANUAL,NAFTA,EURO V,,06/02/2018,H1760615689/277 TR,VINÇOTTE nv,143.1,7.88,5.14,6.15,000009A
TOYOTA,YARIS,SEDÁN 4/5 PUERTAS,4x2,TOYOTA 2NR-FE,1496,,CVT,NAFTA,EURO V,,06/02/2018,H1760615689/278 TR,VINÇOTTE nv,136.2,7.19,5.07,5.85,000010A
ALFA ROMEO,STELVIO QUADRIFOGLIO VERDI,BERLINA 4 PUERTAS Y PORTÓN TRASERO,4x4,ALFA ROMEO 670051007,2891,,AUTOMÁTICA,NAFTA,EURO VI,2,05/04/2018,H0721/2/BO,CENTRO PROVA AUTOVEICOLI BOLOGNA,210.21,11.76,7.56,9.09,000211B
BMW,X1 xDrive 25i,RURAL,4x4,BMW B48A20B,1998,,AUTOMÁTICA,NAFTA,EURO VI c,3,13/03/2018,201742421,DEKRA,151,8,5.9,6.6,000142A
PEUGEOT,308,BERLINA 5 PUERTAS,4x2,PEUGEOT EP6FDTM (5GY),1598,,AUTOMÁTICA,NAFTA,EURO V,4,12/04/2018,16/07298,UTAC,153,8.8,5.2,6.5,000215B
HYUNDAI,IONIQ HYBRID LH BLUE DRIVE,SEDÁN 5 PUERTAS,4x2,HYUNDAI G4LE / HYUNDAI MOBIS 36500-2BDB0,1580,,AUTOMÁTICA,NAFTA / ELECTRICIDAD,EURO V,6,13/03/2018,83-V039-45954-30,TÜV Rheinland,91,3.9,3.9,4,000253B
MERCEDES-BENZ,SLC 300,CONVERTIBLE,4x2,MERCEDES-BENZ 274.920,1991,,AUTOMÁTICA,NAFTA,EURO VI b,7,13/03/2018,42.04.1314.04,TÜV NORD Mobilität,147.1,7.9,5.3,6.3,000222B
VOLKSWAGEN,AMAROK,PICK UP 2 PUETAS CABINA SIMPLE PICK UP 4 PUERTAS CABINA DOBLE,4x2,VOLKSWAGEN CNFB,1968,103,MANUAL,GAS OIL,EURO V,15,09/03/2018,42.06.999.00,TÜV NORD Mobilität,194.2,10.3,7.3,8.4,000241B
VOLKSWAGEN,AMAROK,PICK UP 2 PUETAS CABINA SIMPLE PICK UP 4 PUERTAS CABINA DOBLE,4x4,VOLKSWAGEN CNFB,1968,103,MANUAL,GAS OIL,EURO V,15,09/03/2018,42.06.999.00,TÜV NORD Mobilität,188.3,10,7.1,8.2,000242B
JEEP,COMPASS TRAILHAWK 2.0 AT9 4WD,BERLINA,4x4,FIAT 55261674,1956,,AUTOMÁTICA,GAS OIL,EURO V,18,02/03/2018,16982,FCA FIAT CHRYSLER AUTOMOVEIS BRASIL,187.55,9.19,5.95,7.13,000237B
RENAULT,DUSTER OROCH 2.0 16v,CAMIONETA DE 4 PUERTAS,4x4,RENAULT F4R E4,1998,105,MANUAL,NAFTA,EURO V,19,28/03/2018,2-0264/17,DELPHI,190.84,11.14,6.43,8.17,000617C
LAND ROVER,DISCOVERY SPORT,RURAL 4/5 PUERTAS,4x4,JAGUAR PT204,1997,177,AUTOMÁTICA,NAFTA,EURO VI,21,28/03/2018,E5S377071,VCA,182,9.6,7.1,8,000261B
CHEVROLET,EQUINOX,SUV 5 PUERTAS,4x2,CHEVROLET LYX (1.5L),1490,,AUTOMÁTICA,NAFTA,EURO V,38,04/05/2018,LCA 53 0012 079 17,LUXCONTROL S.A.,177.3,9.87,6.39,7.67,000011A
CHEVROLET,EQUINOX,SUV 5 PUERTAS,4x4,CHEVROLET LYX (1.5L),1490,,AUTOMÁTICA,NAFTA,EURO V,39,04/05/2018,LCA 53 0012 079 17,LUXCONTROL S.A.,187.9,10.62,6.67,8.11,000012A
HYUNDAI,VELOSTER,COUPÉ 4 PUERTAS,4x2,HYUNDAI G4NH,1999,,MANUAL,NAFTA,EURO V,44,12/04/2018,83-V039-52789-61,TÜV Rheinland,166,9.6,5.6,7.1,000207B
HYUNDAI,VELOSTER,COUPÉ 4 PUERTAS,4x2,HYUNDAI G4NH,1999,,AUTOMÁTICA,NAFTA,EURO V,45,12/04/2018,83-V039-52789-62,TÜV Rheinland,168,9.7,5.7,7.2,000208B
HYUNDAI,VELOSTER 1.6T,COUPÉ 4 PUERTAS,4x2,HYUNDAI G4FJ,1591,,MANUAL,NAFTA,EURO V,49,05/04/2018,83-V039-52789-59,TÜV Rheinland,175,10.2,5.9,7.5,000226B
HYUNDAI,VELOSTER 1.6T,COUPÉ 4 PUERTAS,4x2,HYUNDAI G4FJ,1591,,AUTOMÁTICA,NAFTA,EURO V,50,05/04/2018,83-V039-52789-60,TÜV Rheinland,157,8.8,5.5,6.7,000227B
FORD,KA,SEDÁN 4 / 5 PUERTAS,4x2,FORD 1.5L Dragon Ti-VCT,1496,90.5,MANUAL,NAFTA,EURO V,54,06/07/2018,TPG142379,FORD MOTR COMPANY BRASIL,134.16,7.04,5.04,5.77,000473B
FORD,KA,SEDÁN 4 / 5 PUERTAS,4x2,FORD 1.5L Dragon Ti-VCT,1496,90.5,AUTOMÁTICA,NAFTA,EURO V,55,06/07/2018,TPG142416,FORD MOTR COMPANY BRASIL,150.06,8.18,5.44,6.45,000474B
JAC,T6,PICK UP,4x2 4x4,JAC HFC4DB2-1D1,1998,100,MANUAL,GAS OIL,EURO V,56,20/04/2018,17/07916,UTAC,222,9.1,8,8.4,000620C
JAC,T8,PICK UP,4x2 4x4,JAC HFC4DB2-1D1,1998,100,MANUAL,GAS OIL,EURO V,56,28/02/2020,17/07916,UTAC,222,9.1,8,8.4,000620C
HYUNDAI,HD35L,COMERCIAL LIVIANO,4x2,HYUNDAI D4CB,2497,,MANUAL,GAS OIL,EURO V,66,27/04/2018,KSS384808 (9163 3776),VCA,276.19,13.01,9,10.51,000126A
HONDA,ACCORD,SEDÁN 4 PUERTAS,4x2,HONDA K20C4,1996,,AUTOMÁTICA,NAFTA,EURO V,68,13/04/2018,H1760552835/098,VINÇOTTE nv,192,12.1,6.1,8.3,000112A
HONDA,ACCORD,SEDÁN 4 PUERTAS,4x2,HONDA L15BE,1498,,CVT,NAFTA,EURO V,69,13/04/2018,H1760552835/097,VINÇOTTE nv,156,9,5.3,6.7,000107A
VOLVO,XC40 T5,SUV 4/5 PUERTAS,4x4,VOLVO B4204T14,1969,,AUTOMÁTICA,NAFTA,EURO VI d,70,27/04/2018,TR*715/2007*2017/1347*0154*00,AVL MTC AB,205,12.4,7.7,9.1,000114A
SHINERAY,X7,FAMILIAR RURAL,4x2,SHINERAY DLEG18,1794,,MANUAL,NAFTA,EURO V,71,11/06/2018,17-00190-CP-511A-00,TÜV SÜD Auto Service,207,11.7,6.9,8.7,000113A
MERCEDES-BENZ,E 220 d 4MATIC ALL TERRAIN,FAMILIAR 4 PUERTAS,4x4,MERCEDES-BENZ 654.920,1950,,AUTOMÁTICA,GAS OIL,EURO VI b,72,07/05/2018,42.04.1342.06,TÜV NORD Mobilität,140,6,5,5.3,000102A
VOLKSWAGEN,TIGUAN – TIGUAN LWB,SUV – CROSSOVER 4 PUERTAS CON PORTÓN TRASERO,4x4,VOLKSWAGEN DBGC,1968,,AUTOMÁTICA,GAS OIL,EURO V,73,16/05/2018,42.06.953.01,TÜV NORD Mobilität,152,8.4,5.9,6.8,000089A
JAC,X200,CAMIÓN,4x2,JAC HFC4DB2.1D,1999,,MANUAL,GAS OIL,EURO V,75,21/06/2018,CSR325069,VCA,266,8.3,12.95,10.02,000013A
MERCEDES-BENZ,A 200,FAMILIAR,4x2,MERCEDES-BENZ 282.914,1333,,AUTOMÁTICA,NAFTA,EURO VI b,76,16/05/2018,42.04.1408.00,TÜV NORD Mobilität,133,7.3,5,5.8,000014A
CHANGAN,CS75,RURAL,4x2,CHANGAN JL486ZQ2,1798,,AUTOMÁTICA,NAFTA,EURO V,78,11/06/2018,CN16030389 EXTENSION 01,IDIADA,186,11.4,5.6,7.7,000015A
BMW,X3 sDrive 20i,RURAL,4x2,BMW B48B20A,1998,,AUTOMÁTICA,NAFTA,EURO VI d,79,16/05/2018,201742827,DEKRA,169,8.8,6.6,7.4,000016A
BMW,X3 xDrive 20i,RURAL,4x4,BMW B48B20A,1998,,AUTOMÁTICA,NAFTA,EURO VI d,79,16/05/2018,201742827,DEKRA,173,8.9,6.8,7.6,000017A
FIAT,UNO DRIVE 1.3 GSE,BERLINA,4x2,FIAT 55282059,1332,,MANUAL,NAFTA,EURO V,80,24/07/2018,3180064,FIAT AUTOMOVEIS S.A.,146.42,8.05,5.34,6.34,000018A
FIAT,UNO SPORTING 1.3 GSE,BERLINA,4x2,FIAT 55282059,1332,,MANUAL,NAFTA,EURO V,80,24/07/2018,3180064,FIAT AUTOMOVEIS S.A.,146.42,8.05,5.34,6.34,000018A
FIAT,UNO WAY 1.3 GSE,BERLINA,4x2,FIAT 55282059,1332,,MANUAL,NAFTA,EURO V,80,24/07/2018,3180064,FIAT AUTOMOVEIS S.A.,146.42,8.05,5.34,6.34,000018A
LAND ROVER,RANGE ROVER SPORT,RURAL 4/5 PUERTAS,4x4,FORD 306DT,2993,,AUTOMÁTICA,GAS OIL,EURO VI b,83,16/05/2018,ESQ317814,VCA,185,7.9,6.4,7,000019A
LAND ROVER,RANGE ROVER SPORT,RURAL 4/5 PUERTAS,4x4,FORD 306PS,2995,,AUTOMÁTICA,NAFTA,EURO V,84,16/05/2018,ESQ320217,VCA,258,14.9,8.4,10.8,000020A
DS,DS 7 CROSSBACK,RURAL 5 PUERTAS,4x2,PSA EP6FDTM (5GY),1598,,AUTOMÁTICA,NAFTA,EURO V,89,06/07/2018,17/09279,UTAC,169,9.9,6,7.4,000021A
LIFAN,MYWAY X7,RURAL 5 PUERTAS,4x2,LIFAN LFB479Q-h,1794,,AUTOMATICA,NAFTA,EURO V,90,21/06/2018,CN18010463,IDIADA,198,10.99,7.04,8.5,000022A
LAND ROVER,RANGE ROVER SPORT,RURAL 4/5 PUERTAS,4x4,FORD 508PS,4999,,AUTOMÁTICA,NAFTA,EURO VI b,92,21/06/2018,ESS384911,VCA,310,19.8,10,13.6,000074A
VOLVO,XC40 T4,SUV 4/5 PUERTAS,4x2,VOLVO B4204T47,1969,,AUTOMÁTICA,NAFTA,EURO VI d,93,19/06/2018,TR*715/2007*2017/1347*0169*00,AVL MTC AB,189,12.1,6.9,8.4,000117A
MINI,JOHN COOPER WORKS,SEDÁN 3 PUERTAS,4x2,MINI B48A20B,1998,,MANUAL,NAFTA,EURO VI c,98,31/08/2018,201742506,DEKRA,157,8.6,5.9,6.9,000082A
MINI,JOHN COOPER WORKS,CONVERTIBLE,4x2,MINI B48A20B,1998,,MANUAL,NAFTA,EURO VI c,98,31/08/2018,201742506,DEKRA,159,8.7,5.9,7,000083A
MINI,JOHN COOPER WORKS,SEDÁN 3 PUERTAS,4x2,MINI B48A20B,1998,,AUTOMÁTICA,NAFTA,EURO VI c,99,31/08/2018,201742506,DEKRA,137,7.1,5.3,6,000084A
MINI,JOHN COOPER WORKS,CONVERTIBLE,4x2,MINI B48A20B,1998,,AUTOMÁTICA,NAFTA,EURO VI c,99,31/08/2018,201742506,DEKRA,144,8.5,5.8,6.8,000085A
DOMY,X5,SEDÁN,4x2,MITSUBISHI 4A91T,1499,,CVT,NAFTA,EURO V,104,17/08/2018,CN17040186 ,IDIADA,188,10.1,6.7,7.9,000023A
CITROËN,C4 CACTUS,SEDÁN 5 PUERTAS (FAMILIAR),4x2,CITROËN EP6FDTM (5GY),1598,,AUTOMÁTICA,NAFTA,EURO V,105,05/07/2018,BR17110001,IDIADA,177,9.9,6.3,7.6,000024A
CITROËN,C4 CACTUS,FAMILIAR 5 PUERTAS,4x2,CITROËN EC5 (NFP),1587,,MANUAL,NAFTA,EURO V,106,05/07/2018,1-0244/17,DELPHI,177.53,10.39,5.96,7.6,000025A
CITROËN,C4 CACTUS,FAMILIAR 5 PUERTAS,4x2,CITROËN EC5 (NFP),1587,,AUTOMÁTICA,NAFTA,EURO V,107,06/07/2018,3-0241/17,DELPHI,182.49,9.48,6.83,7.81,000026A
BMW,X2 sDrive 18i,RURAL,4x2,BMW B38A15A,1499,,MANUAL,NAFTA,EURO VI c,108,25/07/2018,201743657,DEKRA,139,7.3,5.4,6.1,000027A
BMW,X2 sDrive 18i,RURAL,4x2,BMW B38A15A,1499,,AUTOMÁTICA,NAFTA,EURO VI c,109,25/07/2018,201743657,DEKRA,143,7.6,5.6,6.3,000028A
BORGWARD,BX7,SEDÁN,4x2,BORGWARD BWE420B,1981,,AUTOMÁTICA,NAFTA,EURO V,110,25/07/2018,CN16060398,IDIADA,221,12.1,7.61,9.3,000029A
BORGWARD,BX7,SEDÁN,4x4,BORGWARD BWE420B,1981,,AUTOMÁTICA,NAFTA,EURO V,110,25/07/2018,CN16060399,IDIADA,235.11,13.2,7.89,9.83,000030A
BORGWARD,BX5,SEDÁN,4x2,BORGWARD BWE418A,1797,,AUTOMÁTICA,NAFTA,EURO V,111,25/07/2018,CN17030294,IDIADA,194.7,11.16,6.48,8.2,000031A
BORGWARD,BX5,SEDÁN,4x4,BORGWARD BWE418A,1797,,AUTOMÁTICA,NAFTA,EURO V,111,25/07/2018,CN17030295,IDIADA,211.6,12.15,7.05,8.92,000032A
CHANGAN,CS75,RURAL,4x4,CHANGAN JL486ZQ2,1798,,AUTOMÁTICA,NAFTA,EURO V,112,25/07/2018,CN16030400 EXTENSION 01,IDIADA,244,13.3,8.5,10.3,000033A
PORSCHE,911 GT3 RS,COUPÉ 2 PUERTAS,4x2,PORSCHE DGG,3996,,AUTOMÁTICA,NAFTA,EURO V,113,13/08/2018,42.07.235.01,TÜV NORD Mobilität,296.8,19.2,9,12.8,000034A
MINI,COOPER,SEDÁN 3 PUERTAS,4x2,MINI B38A15A,1499,,MANUAL,NAFTA,EURO VI c,114,02/08/2018,201742555,DEKRA,118,6.4,4.5,5.2,000035A
MINI,COOPER,SEDÁN 5 PUERTAS,4x2,MINI B38A15A,1499,,MANUAL,NAFTA,EURO VI c,114,02/08/2018,201742555,DEKRA,119,6.4,4.5,5.2,000036A
MINI,COOPER,CONVERTIBLE,4x2,MINI B38A15F,1499,,MANUAL,NAFTA,EURO VI c,114,02/08/2018,201742555,DEKRA,128,6.6,5,5.6,000037A
MINI,COOPER,SEDÁN 3 PUERTAS,4x2,MINI B38A15A,1499,,AUTOMÁTICA,NAFTA,EURO VI c,115,02/08/2018,201742574,DEKRA,122,6.2,4.8,5.3,000038A
MINI,COOPER,SEDÁN 5 PUERTAS,4x2,MINI B38A15A,1499,,AUTOMÁTICA,NAFTA,EURO VI c,115,02/08/2018,201742574,DEKRA,123,6.3,4.9,5.4,000039A
MINI,COOPER,CONVERTIBLE,4x2,MINI B38A15F,1499,,AUTOMÁTICA,NAFTA,EURO VI c,115,02/08/2018,201742574,DEKRA,129,6.5,5.2,5.6,000040A
DS,DS 7 CROSSBACK,RURAL 5 PUERTAS,4x2,PSA DW10FC (EHZ),1997,,AUTOMÁTICA,GAS OIL,EURO V,117,15/08/2018,18/00879,UTAC,138.5,6.3,4.7,5.3,000041A
AUDI,A6,SEDÁN 4 PUERTAS,4X4,AUDI DLZA,2995,,AUTOMÁTICA,NAFTA,EURO VI b,118,15/08/2018,AUA5475B,ATE-EL LUXEMBOURG,167,9.6,6,7.4,000042A
AUDI,A7 - A7 SPORTBACK,SEDÁN 4 PUERTAS CON PORTÓN TRASERO,4X4,AUDI DLZA,2995,,AUTOMÁTICA,NAFTA,EURO VI b,118,15/08/2018,AUA5475B,ATE-EL LUXEMBOURG,168,9.6,6.1,7.4,000043A
PEUGEOT,308,BERLINA 5 PUERTAS,4x2,PEUGEOT,1598,,AUTOMÁTICA,NAFTA,EURO V,121,17/08/2018,18/00793,UTAC,136.96,7.46,5.17,6.01,000044A
BMW,X4 xDrive 20i,SEDÁN 5 PUERTAS,4x4,BMW B48B20A,1998,,AUTOMÁTICA,NAFTA,EURO VI c,122,13/08/2018,201843871,DEKRA,178,9,7.1,7.8,000045A
NISSAN,FRONTIER o NP300 FRONTIER,PICK UP,4x2,RENAULT YS23 260 o YS23,2298,,MANUAL,GAS OIL,EURO V,123,31/08/2018,PC18040172,IDIADA,176,7.8,6.1,6.7,000046A
NISSAN,FRONTIER o NP300 FRONTIER,PICK UP,4x4,RENAULT YS23 260 o YS23,2298,,MANUAL,GAS OIL,EURO V,123,31/08/2018,PC18040171,IDIADA,184,8,6.4,7,000047A
NISSAN,FRONTIER o NP300 FRONTIER,PICK UP,4x4,RENAULT YS23 260 o YS23,2298,,AUTOMÁTICA,GAS OIL,EURO V,124,31/08/2018,PC18040173,IDIADA,201,9.7,6.5,7.6,000048A
BMW,X4 xDrive 30i,SEDÁN 5 PUERTAS,4x4,BMW B48B20B,1998,,AUTOMÁTICA,NAFTA,EURO VI c,125,15/08/2018,201743689,DEKRA,177,9.3,6.9,7.8,000049A
RENAULT,ALASKAN 2.3 190 HP,CAMIONETA 4 PUERTAS,4x2,RENAULT YS23 260,2298,,MANUAL,GAS OIL,EURO V,126,15/08/2018,PC18040247,IDIADA,176,7.8,6.1,6.7,000050A
TOYOTA,HILUX,PICK UP CABINA DOBLE,4x4,TOYOTA 1GR-FE,3956,,AUTOMÁTICA,NAFTA,EURO V,128,13/08/2018,JSQ320063,VCA,282,16.5,9.6,12.1,000051A
MINI,COOPER S,SEDÁN 3 PUERTAS,4x2,MINI B48A20A,1998,,MANUAL,NAFTA,EURO VI c,129,31/08/2018,201742589,DEKRA,144,8,5.3,6.3,000052A
MINI,COOPER S,SEDÁN 5 PUERTAS,4x2,MINI B48A20A,1998,,MANUAL,NAFTA,EURO VI c,129,31/08/2018,201742589,DEKRA,147,8.1,5.5,6.4,000053A
MINI,COOPER S,CONVERTIBLE,4x2,MINI B48A20F,1998,,MANUAL,NAFTA,EURO VI c,129,31/08/2018,201742634,DEKRA,150,8.3,5.6,6.6,000054A
MINI,COOPER S,SEDÁN 3 PUERTAS,4x2,MINI B48A20A,1998,,AUTOMÁTICA,NAFTA,EURO VI c,130,31/08/2018,201742588,DEKRA,125,6.8,4.8,5.5,000055A
MINI,COOPER S,SEDÁN 5 PUERTAS,4x2,MINI B48A20A,1998,,AUTOMÁTICA,NAFTA,EURO VI c,130,31/08/2018,201742588,DEKRA,128,6.9,4.9,5.6,000056A
MINI,COOPER S,CONVERTIBLE,4x2,MINI B48A20F,1998,,AUTOMÁTICA,NAFTA,EURO VI c,130,31/08/2018,201742689,DEKRA,131,7,5.1,5.7,000057A
HONDA,HR-V,BERLINA 4 PUERTAS CON PORTÓN TRASERO,4x2,HONDA R18ZB,1799,,CVT,NAFTA,EURO V,131,03/09/2018,H1860552835/067,VINÇOTTE nv,151,8.2,5.5,6.5,000058A
VOLKSWAGEN,VENTO,SEDÁN 4 PUERTAS,4x2,VOLKSWAGEN CZDA,1395,,AUTOMÁTICA,NAFTA,EURO V,132,07/08/2018,CAE-17-2347 C2,CENTRO DE ANÁLISIS DE EMISIONES DE VW DE MÉXICO,142,8.34,4.86,6.16,000059A
DOMY,X5,SEDÁN,4x2,DOMY JT15T,1499,,MANUAL,NAFTA,EURO V,133,17/08/2018,CN17040185,IDIADA,185,10.41,6.78,8,000060A
RENAULT,ALASKAN 2.3 190 HP 4x4 AT,CAMIONETA 4 PUERTAS,4x4,RENAULT YS23 260,2298,,AUTOMÁTICA,GAS OIL,EURO V,134,17/08/2018,PC18040246,IDIADA,201,9.7,6.5,7.6,000061A
HYUNDAI,KONA,TODOTERRENO,4x4,HYUNDAI G4FJ,1591,,AUTIMÁTICA,NAFTA,EURO V,135,06/09/2018,RDW-715/2007-0056523,RDW,157.42,8.24,6.11,6.89,000073A
RENAULT,ALASKAN 2.3 190 HP 4x4 MT,CAMIONETA 4 PUERTAS,4x4,RENAULT YS23 260,2298,,MANUAL,GAS OIL,EURO V,136,17/08/2018,PC18040248,IDIADA,184,8,6.4,7,000062A
BAIC,D20,SEDÁN 4/5 PUERTAS,4x2,BAIC A131,1322,,MANUAL,NAFTA,EURO V,137,08/10/2018,CSQ315897,VCA,237.48,9.9,6.06,7.5,000063A
BAIC,X65,SEDÁN,4x2,BAIC B205EFA,1992,,AUTOMÁTICA,NAFTA,EURO V,138,08/10/2018,CSR330722,VCA,259,14.5,8.6,10.8,000064A
ZANELLA,Z TRUCK,CAMIONETA DE CARGA,4x2,FOTON 4W12M1,1206,,MANUAL,NAFTA,EURO V,139,31/08/2018,LC 1139 002 18,LUXCONTROL S.A.,176,9.6,6.5,7.6,000065A
ZANELLA,ZTRUCK DUO,CAMIONETA DE CARGA,4x2,FOTON 4W12M1,1206,,MANUAL,NAFTA,EURO V,139,31/08/2018,LC 1139 002 18,LUXCONTROL S.A.,176,9.6,6.5,7.6,000065A
RAM,RAM 1200 4X4 AT,PICK UP,4x4,MITSUBISHI 4N15,2442,,AUTOMATICA,GAS OIL,EURO V,140,17/08/2018,H1660156936/709,VINÇOTTE nv,207,9.2,6.8,7.7,000067A
RAM,RAM 1200 4X4 MT,PICK UP,4x4,MITSUBISHI 4N15,2442,,MANUAL,GAS OIL,EURO V,141,31/08/2018,H1760156936/519,VINÇOTTE nv,192,8.9,6.3,7.3,000068A
DOMY,X7,SEDÁN,4x2,DOMY TN4G18T,1799,,AUTOMÁTICA DCT,NAFTA,EURO V,142,17/08/2018,CN17080445,IDIADA,219,12.2,7.8,9.4,000069A
DOMY,X7,SEDÁN,4x2,MITSUBISHI 4G63S4T,1997,,AUTOMÁTICA DCT,NAFTA,EURO V,144,17/08/2018,CN17080446,IDIADA,216,12.3,7.6,9.3,000070A
FIAT,TORO VOLCANO TORO RANCH,CAMIONETA,4x4,FIAT 55261674,1956,,AUTOMATICA,GAS OIL,EURO V,150,04/09/2018,5180821,FCA FIAT CHRYSLER AUTOMOVEIS BRASIL,215.39,9.9,7.19,8.19,000071A
FIAT,TORO FREEDOM,CAMIONETA,4x4,FIAT 55261674,1956,,AUTOMATICA,GAS OIL,EURO V,150,04/09/2018,5180821,FCA FIAT CHRYSLER AUTOMOVEIS BRASIL,215.39,9.9,7.19,8.19,000071A
PEUGEOT,508,SEDÁN 4 PUERTAS,4x2,PSA EP6FADTX (5GG),1598,,AUTOMÁTICA,NAFTA,EURO VI b,152,04/12/2018,17/09572,UTAC,131.65,7.19,4.96,5.78,000161A
AUDI,A4,SEDÁN 4 PUERTAS,4x2,AUDI DEMA / VALEO IST60S,1984,,AUTOMÁTICA,NAFTA / ELECTRICIDAD,EURO VI c,154,21/09/2018,AUA5387A,ATE-EL LUXEMBOURG,131,7.3,4.9,5.8,000077A
AUDI,A4 - A4 AVANT,RURAL 4 PUERTAS CON PORTÓN TRASERO,4x2,AUDI DEMA / VALEO IST60S,1984,,AUTOMÁTICA,NAFTA / ELECTRICIDAD,EURO VI c,154,21/09/2018,AUA5387A,ATE-EL LUXEMBOURG,136,7.4,5.1,6,000078A
AUDI,A5 - A5 SPORTBACK,SEDÁN 4 PUERTAS CON PORTÓN TRASERO,4x2,AUDI DEMA / VALEO IST60S,1984,,AUTOMÁTICA,NAFTA / ELECTRICIDAD,EURO VI c,154,21/09/2018,AUA5387A,ATE-EL LUXEMBOURG,132,7.2,4.9,5.7,000079A
AUDI,A5 - A5 COUPE,COUPÉ 2 PUERTAS,4x2,AUDI DEMA / VALEO IST60S,1984,,AUTOMÁTICA,NAFTA / ELECTRICIDAD,EURO VI c,154,21/09/2018,AUA5387A,ATE-EL LUXEMBOURG,131,7.2,4.9,5.8,000080A
AUDI,A5 - A5 CABRIO,COUPÉ CONVERTIBLE 2 PUERTAS,4x2,AUDI DEMA / VALEO IST60S,1984,,AUTOMÁTICA,NAFTA / ELECTRICIDAD,EURO VI c,154,21/09/2018,AUA5387A,ATE-EL LUXEMBOURG,139,7.6,5.3,6.1,000081A
AUDI,A8 - A8 L,SEDÁN 4 PUERTAS,4x4,AUDI CXYA / CONTINENTAL BSG-HP1-65,3996,338,AUTOMÁTICA,NAFTA / ELECTRICIDAD,EURO VI b,155,21/09/2018,AUA5534A,ATE-EL LUXEMBOURG,228,13.8,7.9,10.1,000086A
FIAT,TORO 1.8 BZ AT6,CAMIONETA,4x2,FPT 55281002,1747,,AUTOMÁTICA,NAFTA,EURO V,156,04/09/2018,2180648,FCA FIAT CHRYSLER AUTOMOVEIS BRASIL,189.42,10.22,6.89,8.12,000066A
MERCEDES-BENZ,A 250,FAMILIAR,4x2,MERCEDES-BENZ 260.920,1991,,AUTOMÁTICA,NAFTA,EURO VI b,157,21/09/2018,42.04.544.00,TÜV NORD Mobilität,144.5,8.7,5.2,6.5,000087A
AUDI,Q5,STATION WAGON - SUV - CROSSOVER 4 PUERTAS CON PORTÓN TRASERO,4x4,AUDI CVMD,2967,,AUTOMÁTICA,GAS OIL,EURO V,158,21/09/2018,AUA5440A,ATE-EL LUXEMBOURG,201,9,6.9,7.7,000090A
HYUNDAI,VELOSTER,SEDÁN 3 PUERTAS CON PORTÓN,4x2,HYUNDAI G4KH,1998,,MANUAL,NAFTA,EURO V,159,21/09/2018,83-V039-55199-23,TÜV Rheinland,215.75,12.91,7.04,9.21,000091A
AUDI,A4,SEDÁN 4 PUERTAS,4x2,AUDI DEMA / VALEO IST60S,1984,,MANUAL,NAFTA / ELECTRICIDAD,EURO VI c,160,01/10/2018,AUA5402A,ATE-EL LUXEMBOURG,135,7.7,5,6,000096A
AUDI,A4 - A4 AVANT,RURAL 4 PUERTAS CON PORTÓN TRASERO,4x2,AUDI DEMA / VALEO IST60S,1984,,MANUAL,NAFTA / ELECTRICIDAD,EURO VI c,160,01/10/2018,AUA5402A,ATE-EL LUXEMBOURG,139,7.8,5.1,6.1,000097A
AUDI,A5 - A5 SPORTBACK,SEDÁN 4 PUERTAS CON PORTÓN TRASERO,4x2,AUDI DEMA / VALEO IST60S,1984,,MANUAL,NAFTA / ELECTRICIDAD,EURO VI c,160,01/10/2018,AUA5402A,ATE-EL LUXEMBOURG,135,7.7,5,6,000098A
AUDI,A5 - A5 COUPE,COUPÉ 2 PUERTAS,4x2,AUDI DEMA / VALEO IST60S,1984,,MANUAL,NAFTA / ELECTRICIDAD,EURO VI c,160,01/10/2018,AUA5402A,ATE-EL LUXEMBOURG,134,7.7,4.9,5.9,000099A
AUDI,A5 - A5 CABRIO,COUPÉ CONVERTIBLE 2 PUERTAS,4x2,AUDI DEMA / VALEO IST60S,1984,,MANUAL,NAFTA / ELECTRICIDAD,EURO VI c,160,01/10/2018,AUA5402A,ATE-EL LUXEMBOURG,140,7.9,5.2,6.2,000100A
LIFAN,M7,RURAL 5 PUERTAS,4x2,LIFAN LF483Q,1988,,CVT,NAFTA,EURO V,161,01/10/2018,89-R101-379/18-00,TÜV Rheinland,233,13.1,8.2,10,000101A
AUDI,Q8,STATION WAGON - SUV - CROSSOVER 4 PUERTAS CON PORTÓN TRASERO,4x4,AUDI DCBD / CONTINENTAL BSG-HP1-65,2995,,AUTOMÁTICA,NAFTA / ELECTRICIDAD,EURO VI b,162,01/10/2018,AUA5507A,ATE-EL LUXEMBOURG,210,11.1,8,9.2,000095A
FOTON,GRATOUR T3,DE CARGA CABINA SIMPLE,4x2,FOTON 4W12M1,1206,,MANUAL,NAFTA,EURO V,163,22/10/2018,LC 1139 002 18,LUXCONTROL S.A.,176,9.6,6.5,7.6,000115A
FOTON,GRATOUR T3,DE CARGA CABINA DOBLE,4x2,FOTON 4W12M1,1206,,MANUAL,NAFTA,EURO V,163,22/10/2018,LC 1139 002 18,LUXCONTROL S.A.,176,9.6,6.5,7.6,000115A
JEEP,WRANGLER: SPORT / SAHARA // UNLIMITED SPORT / UNLIMITED SAHARA,BERLINA,4x4,FCA G,3604,,AUTOMÁTICA,NAFTA,EURO V,166,08/10/2018,RDW-83R-062341 Corr.01,RDW,235.27,13.54,8.09,10.1,000103A
JEEP,WRANGLER: RUBICON / UNLIMITED RUBICON,BERLINA,4x4,FCA G,3604,,AUTOMÁTICA,NAFTA,EURO V,166,08/10/2018,RDW-83R-0062154 Corr.01,RDW,252.47,14.37,8.78,10.84,000104A
MERCEDES-BENZ,G 500,FAMILIAR,4x4,MERCEDES-BENZ 176.980,3982,,AUTOMÁTICA,NAFTA,EURO VI,169,17/10/2018,42.04.1417.00,TÜV NORD Mobilität,287,15.1,10.4,12.1,000110A
BMW,X4 M40i,SEDÁN 5 PUERTAS,4x4,BMW B58B30A,2998,,AUTOMÁTICA,NAFTA,EURO VI c,172,17/10/2018,201743801,DEKRA,210,11.6,7.8,9.2,000111A
MERCEDES-BENZ,MERCEDES-AMG G 63,FAMILIAR,4x4,MERCEDES-BENZ 177.980,3982,,AUTOMÁTICA,NAFTA,EURO VI b,173,17/10/2018,42.04.1415.00,TÜV NORD Mobilität,299.3,16.4,11.2,13.1,000116A
MERCEDES-BENZ,A 180,FAMILIAR,4x2,MERCEDES-BENZ 282.914,1332,,AUTOMÁTICA,NAFTA,EURO VI b,176,18/10/2018,42.04.1408.01,TÜV NORD Mobilität,131.5,7.4,4.9,5.8,000143A
BMW,530i,SEDÁN 4 PUERTAS,4x2,BMW B48B20B,1998,,AUTOMÁTICA,NAFTA,EURO VI c,178,06/12/2018,201844325,DEKRA,156,8.3,6,6.8,000145A
HYUNDAI,SANTA FE HTRACK,RURAL 5 PUERTAS -- TODOTERRENO,4x2 / 4x4,HYUNDAI G4KE,2359,,AUTOMÁTICA,NAFTA,EURO V,179,06/12/2018,KR18030151,IDIADA,239.4,13.92,8.09,10.23,000147A
HYUNDAI,SANTA FE HTRACK,RURAL 5 PUERTAS -- TODOTERRENO,4x2 / 4x4,HYUNDAI G4KE,2359,,MANUAL,NAFTA,EURO V,180,06/12/2018,KR18030151,IDIADA,231.8,13.55,7.76,9.91,000146A
HYUNDAI,SANTA FE 3.5 HTRAC,TODOTERRENO,4x4,HYUNDAI G6DC,3470,,AUTOMÁTICA,NAFTA,EURO V,184,06/12/2018,KR18030159,IDIADA,255.1,15.19,8.39,10.89,000148A
HYUNDAI,SANTA FE HTRAC 2.2D,RURAL 5 PUERTAS -- TODOTERRENO,4x2 / 4x4,HYUNDAI D4HB,2199,,MANUAL,GAS OIL,EURO V,185,06/12/2018,KR18050097,IDIADA,168.86,8.02,5.47,6.41,000149A
HYUNDAI,SANTA FE HTRAC 2.2D,RURAL 5 PUERTAS -- TODOTERRENO,4x2 / 4x4,HYUNDAI D4HB,2199,,AUTOMÁTICA,GAS OIL,EURO V,187,06/12/2018,KR18030163,IDIADA,203.7,10.16,6.33,7.74,000150A
MASERATI,GHIBLI SQ4,BERLINA 4 PUERTAS,4x4,MASERATI M156E,2979,,AUTOMÁTICA,NAFTA,EURO VI,190,28/11/2018,H0461/2/BO,CENTRO PROVA AUTOVEICOLI DI BOLOGNA,225.03,14.23,7.16,9.74,000132A
LEXUS,NX300H,SUV,4x4,TOYOTA: 2AR-FXE / 2JM (Delantero) / 2FM (Trasero),2494,,CVT,NAFTA / ELECTRICIDAD,EURO V,192,29/11/2018,H1860666086/097,AIV-VINÇOTTE International n.v.,140,6.3,5.8,6,000133A
SUBARU,FORESTER,RURAL,4x4,SUBARU FB20,1995,,CVT,NAFTA,EURO V,194,18/12/2018,LC 0050 070 18,LUXCONTROL S.A.,162,8.6,6,7,000156A
SUBARU,FORESTER,RURAL,4x4,SUBARU FB25,2498,,CVT,NAFTA,EURO VI,195,07/12/2018,LC 0050 077 18,LUXCONTROL S.A.,170,9.4,6.4,7.5,000151A
FORD,KUGA,SUV 5 PUERTAS,4x2 / 4x4,FORD 2.0L GTDI,1999,,AUTOMÁTICA,NAFTA,EURO V,196,14/12/2018,ESQ310992,VCA,210.11,12.01,7.25,9,000157A
MASERATI,GRAN TURISMO S GRAN TURISMO MC,COUPÉ,4x2,MASERATI M145B,4691,,AUTOMÁTICA,NAFTA,EURO V,198,18/12/2018,D0566/CC/BO,CENTRO PROVA AUTOVEICOLI BOLOGNA,360,23.8,10.7,15.5,000159A
HAVAL,H9,RURAL,4x4,GREAT WALL GW4C20A,1967,,AUTOMÁTICA,NAFTA,EURO V,199,18/12/2018,88-R101-818/17-00,TÜV Rheinland,260,13.5,9.6,11.1,000162A
HAVAL,H9,RURAL,4x4,GREAT WALL GW4C20,1967,,AUTOMÁTICA,NAFTA,EURO V,200,18/12/2018,88-R101-814/17-00,TÜV Rheinland,288,17.2,9.8,12.5,000163A
MERCEDES-BENZ,C 200,SEDÁN 4 PUERTAS,4x2,MERCEDES-BENZ 264.915,1497,,AUTOMÁTICA,NAFTA,EURO VI,202,18/12/2018,42.04.1427.00,TÜV NORD Mobilität,138.4,8.6,5.3,6.6,000164A
CHANGAN,CS35,SEDÁN 5 PUERTAS,4x2,CHANGAN JL478QEE,1598,,AUTOMÁTICA,NAFTA,EURO V,203,18/12/2018,CN18040605,IDIADA,166,10.1,5.1,7,000165A
VOLKSWAGEN,TIGUAN – TIGUAN LWB,SUV 4 PUERTAS Y PORTÓN TRASERO,4x2,VOLKSWAGEN CZDA,1395,,AUTOMÁTICA,NAFTA,EURO V,204,18/12/2018,CAE-18-1180C,CENTRO DE ANÁLISIS DE EMISIONES DE VW DE MÉXICO,188.77,10.72,6.68,8.15,000160A
LEXUS,NX300,SUV,4x4,TOYOTA 8AR-FTS,1998,,AUTOMÁTICA,NAFTA,EURO V,205,28/11/2018,H1460161643/337,AIB-VINÇOTTE International n.v.,196,11,7,8.4,000140A
JEEP,CHEROKEE LIMITED CHEROKEE SPORT CHEROKEE LONGITUDE,BERLINA,4x2,FCA X,3239,,AUTOMÁTICA,NAFTA,EURO VI a,206,18/12/2018,RDW-715/2007-0045713,RDW,215,12.8,7.1,9.2,000152A
JEEP,CHEROKEE LIMITED CHEROKEE SPORT CHEROKEE LONGITUDE,BERLINA,4x4,FCA X,3239,,AUTOMÁTICA,NAFTA,EURO VI a,206,18/12/2018,RDW-715/2007-0045713,RDW,226,13.1,7.7,9.7,000153A
JEEP,CHEROKEE TRAILHAWK,BERLINA,4x4,FCA X,3239,,AUTOMÁTICA,NAFTA,EURO VI a,206,18/12/2018,RDW-715/2007-0045713,RDW,236,13.3,8.3,10.1,000154A
ISUZU,D-MAX,PICK UP,4x2 - 4x4,ISUZU 4JJ1E5S-LA o 4JJ1,2999,,AUTOMÁTICA,GAS OIL,EURO V,210,02/01/2019,82-Rep101-99152TFAT/18,TÜV Rheinland,212.1,9.28,7.37,8.06,000168A
ISUZU,D-MAX,PICK UP,4x2 - 4x4,ISUZU 4JJ1E5S-LA o 4JJ1,2999,,MANUAL,GAS OIL,EURO V,211,02/01/2019,82-Rep101-99152TFMT/18,TÜV Rheinland,217.01,9.67,7.43,8.25,000169A
LEXUS,LS500H,SEDÁN 4 PUERTAS,4x2,TOYOTA: 8GR-FXS / 2NM,3456,,CVT,NAFTA / ELECTRICIDAD,EURO VI,213,09/01/2019,H1760614850/042,VINÇOTTE nv,156,8.08,6.46,6.85,000182B
BMW,X5 xDRIVE 40i (5 ASIENTOS),RURAL,4x4,BMW B58B30C,2998,,AUTOMÁTICA,NAFTA,EURO VI b,215,09/01/2019,201844716,DEKRA,211,11.2,8.1,9.2,000186B
BMW,X5 xDRIVE 40i (7 ASIENTOS),RURAL,4x4,BMW B58B30C,2998,,AUTOMÁTICA,NAFTA,EURO VI b,215,09/01/2019,201844716,DEKRA,215,11.6,8.2,9.4,000187B
BMW,M850i xDRIVE,COUPÉ,4x4,BMW N63B44D,4395,,AUTOMÁTICA,NAFTA,EURO VI b,218,17/01/2019,201845307,DEKRA,238,14.6,8,10.4,000204B
MERCEDES-BENZ,X 350 d 4MATIC,PICK UP CABINA DOBLE,4x4,MERCEDES-BENZ 642,2987,,AUTOMÁTICA,GAS OIL,EURO V,229,25/01/2019,42.04.1428.00,TÜV NORD Mobilität,236,10.3,8.3,9,000212B
NISSAN,FRONTIER o NP300 FRONTIER,PICK UP,4x2,RENAULT YS23 266 o YS23,2298,,MANUAL,GAS OIL,EURO V,232,25/01/2019,PC18070192,IDIADA,177,7.8,6.1,6.7,000216B
NISSAN,FRONTIER o NP300 FRONTIER,PICK UP,4x4,RENAULT YS23 266 o YS23,2298,,MANUAL,GAS OIL,EURO V,232,25/01/2019,PC18070194,IDIADA,181,7.8,6.3,6.9,000217B
MERCEDES-BENZ,MERCEDES-AMG C 43 4 MATIC,SEDÁN - COUPÉ,4x4,MERCEDES-BENZ 276.823,2996,,AUTOMÁTICA,NAFTA,EURO VI b,233,29/01/2019,42.04.1419.00,TÜV NORD Mobilität,217,13.3,7.3,9.5,002318B
MERCEDES-BENZ,MERCEDES-AMG C 43 4 MATIC,FAMILIAR-CABRIOLET,4x4,MERCEDES-BENZ 276.823,2996,,AUTOMÁTICA,NAFTA,EURO VI b,233,29/01/2019,42.04.1419.00,TÜV NORD Mobilität,222,13.5,7.6,9.7,000219B
FORD,ECOSPORT,SUV 5 PUERTAS,4x2,FORD 1.5 L DRAGON PFI TiVCT o  1.5 L DRAGON PFI TiCT,1497,,AUTOMÁTICA,NAFTA,EURO V,234,29/01/2019,SESE 1932/2018,FORD MOTOR COMPANY BRASIL,160.11,9.01,5.67,6.9,000220B
DONGFENG,AX4,SEDÁN 5 PUERTAS,4x2,DONGFENG DFM A16,1556,,MANUAL,NAFTA,EURO V,235,27/02/2019,65DMA0196A,ATE-EL LUXEMBOURG,165,9.2,5.8,7,000221B
RENAULT,ALASKAN 2.3 160 HP 4x4 MT,CAMIONETA 4 PUERTAS,4x4,RENAULT YS23 266,2298,,MANUAL,GAS OIL,EURO V,237,27/02/2019,PC18070198,IDIADA,181,7.8,6.3,6.9,000224B
FORD,ECOSPORT,SUV 5 PUERTAS,4x2,FORD 1.5 L DRAGON PFI TiVCT o  1.5 L DRAGON PFI TiCT,1497,,MANUAL,NAFTA,EURO V,239,18/02/2019,SESE 1933/2018,FORD MOTOR COMPANY BRASIL,149.66,8.32,5.34,6.44,000225B
VOLKSWAGEN,VENTO,SEDÁN 4 PUERTAS,4x2,VOLKSWAGEN CXDB,1984,,AUTOMÁTICA,NAFTA,EURO V,240,20/02/2019,CAE-18-1278C,CENTRO DE ANÁLISIS DE EMISIONES DE VW DE MÉXICO,166.14,9.6,5.78,7.16,000228B
MERCEDES-BENZ,A 200,FAMILIAR,4x2,MERCEDES-BENZ 282.914,1332,,AUTOMÁTICA,NAFTA,EURO VI,241,27/02/2019,42.04.1408.01,TÜV NORD Mobilität,133,7.4,4.9,5.8,000229B
MERCEDES-BENZ,A 200,SEDÁN,4x2,MERCEDES-BENZ 282.914,1332,,AUTOMÁTICA,NAFTA,EURO VI,241,27/02/2019,42.04.1408.01,TÜV NORD Mobilität,132,7.4,4.8,5.8,000230B
RENAULT,ALASKAN 2.3 160 HP 4x2 MT,CAMIONETA 4 PUERTAS,4x2,RENAULT YS23 266,2298,,MANUAL,GAS OIL,EURO V,243,27/02/2019,PC18070196,IDIADA,177,7.8,6.1,6.7,000231B
FORD,RANGER RAPTOR,PICK UP CABINA DOBLE,4x2 / 4x4,FORD 2.0L DIESEL BI-TURBO,1996,,AUTOMÁTICA,GAS OIL,EURO V,247,01/03/2017,OST407829 (P-5-57),VCA,217,9.4,7.6,8.3,000233B
MERCEDES-BENZ,E 450 4MATIC,COUPÉ 2 PUERTAS,4x4,MERCEDES-BENZ 276.823,2996,,AUTOMÁTICA,NAFTA,EURO VI,249,08/03/2019,42.04.1419.02,TÜV NORD Mobilität,208,12.5,7.3,9.1,000236B
PEUGEOT,308,BERLINA 5 PUERTAS,4x2,PSA EP6FADTR (EGX),1598,,MANUAL,NAFTA,EURO VI,250,06/03/2019,18/02383,UTAC,168.63,10.44,6.38,7.47,000235B
SUZUKI,JIMNY,RURAL,4x2 4x4,SUZUKI K15B,1462,,AUTOMÁTICA,NAFTA,EURO V,251,20/03/2019,RDW-83R-0069145,RDW,158,8.2,6.1,6.9,000238B
TOYOTA,RAV4,SUV,4x4,TOYOTA A25A-FKS,2487,,AUTOMÁTICA,NAFTA,EURO V,253,20/03/2019,H1860672452/026,VINÇOTTE nv,168.2,9.45,6.2,7.4,000239B
HYUNDAI,TUCSON,RURAL 5 PUERTAS TODOTERRENO,4x2 / 4x4,HYUNDAI D4HA,1995,,AUTOMÁTICA,GAS OIL,EURO V,254,20/03/2019,83-V039-55185-191,RDW,168.27,8.12,5.39,6.39,000240B
SUZUKI,JIMNY,RURAL,4x2 / 4x4,SUZUKI K15B,1462,,MANUAL,NAFTA,EURO V,255,28/03/2019,RDW-83R-0069144,RDW,146,7.7,5.7,6.4,000243B
TOYOTA,RAV4,SUV,4x2,TOYOTA A25A-FXS / TOYOTA 3NM,2487,,CVT,NAFTA / ELECTRICIDAD,EURO V,257,28/03/2019,H1860161643/272,VINÇOTTE nv,106,4.9,4.8,4.7,000244B
TOYOTA,RAV4,SUV,4x4,TOYOTA A25A-FXS / TOYOTA 3NM (DELANTERO) - 4NM (TRASERO),2487,,CVT,NAFTA / ELECTRICIDAD,EURO V,260,28/03/2019,H1860670248/509,VINÇOTTE nv,109.75,5.11,4.85,4.83,000245B
MERCEDES-BENZ,MERCEDES-AMG C63,SEDÁN 4 PUERTAS,4x2,MERCEDES-BENZ 177.980,3982,,AUTOMÁTICA,NAFTA,EURO VI b,261,28/03/2019,42.04.1424.00,TÜV NORD Mobilität,232,14,7.9,10.2,000246B
MERCEDES-BENZ,MERCEDES-AMG C63 S,SEDÁN 4 PUERTAS,4x2,MERCEDES-BENZ 177.980,3982,,AUTOMÁTICA,NAFTA,EURO VI b,261,28/03/2019,42.04.1424.00,TÜV NORD Mobilität,237,14.2,8.1,10.4,000247B
NISSAN,SENTRA,SEDÁN 4 PUERTAS,4x2,NISSAN MRA8,1798,,CVT,NAFTA,EURO V,264,27/03/2019,LC 0061 B36 18,LUXCONTROL S.A.,159,9.3,5.4,6.9,000251B
FORD,TRANSIT,FURGÓN,4x2,FORD 2.2L PUMA (CYR5),2198,,MANUAL,GAS OIL,EURO VI,265,28/03/2019,ESN263871-3.15,VCA,208.36,8.8,7,7.7,000252B
RENAULT,MEGANE 1.2 16V,SEDÁN 5 PUERTAS,4x2,RENAULT H5F F4,1197,,AUTOMÁTICA,NAFTA,EURO VI b,266,04/04/2019,18/05457,UTAC,140,7.7,5,6,000254B
MERCEDES-BENZ,C 400 4MATIC,SEDÁN 4 PUERTAS - COUPÉ 2 PUERTAS,4x4,MERCEDES-BENZ 276.823,2996,,AUTOMÁTICA,NAFTA,EURO VI b,268,03/04/2019,42.04.1419.02,TÜV NORD Mobilität,188,11.6,6.3,8.3,000255B
MERCEDES-BENZ,C 400 4MATIC,CABRIOLET 2 PUERTAS,4x4,MERCEDES-BENZ 276.823,2996,,AUTOMÁTICA,NAFTA,EURO VI b,268,03/04/2019,42.04.1419.02,TÜV NORD Mobilität,198,12.1,6.8,8.8,000256B
BMW,330i,SEEDÁN 4 PUERTAS,4x2,BMW B48B20B,1998,,AUTOMÁTICA,NAFTA,EURO VI c,272,03/04/2019,201845472,DEKRA,147,7.9,5.6,6.4,000257B
MERCEDES-BENZ,E 450 4MATIC,SEDÁN 4 PUERTAS,4x4,MERCEDES-BENZ 276.823,2996,,AUOTMÁTICA,NAFTA,EURO VI b,273,08/04/2019,42.04.1419.02,TÜV NORD Mobilität,204,12.4,7.1,9,000258B
TOYOTA,PRIUS,SEDÁN 5 PUERTAS,4x2,TOYOTA 2ZR-FXE / TOYOTA 1NM ,1798,,CVT,NAFTA,EURO V,278,11/04/2019,JSQ326127,VCA,88,3.7,3.8,3.8,000262B
HAVAL,H6,RURAL,4x2,HAVAL GW4B15,1499,,AUTOMÁTICA,NAFTA,EURO V,280,15/04/2019,LC 1157 044 17,LUXCONTROL S.A.,178,9.6,6.7,7.7,000263B
LEXUS,IS300,SEDÁN 4 PUERTAS,4x2,TOYOTA 8AR-FTS,1998,,AUTOMÁTICA,NAFTA,EURO V,282,17/04/2019,JSQ319928,VCA,189,11.4,6.3,8.2,000266B
TOYOTA,RAV4,SUV,4x2,TOYOTA M20A-FKS,1987,,CVT,NAFTA,EURO V,283,17/04/2019,H1860672452/023,VINÇOTTE nv,148.6,7.78,5.79,6.5,000267B
MERCEDES-BENZ,B 200,FAMILIAR,4x2,MERCEDES-BENZ 282.914,1332,,AUTOMÁTICA,NAFTA,EURO VI b,284,17/04/2019,42.04.1408.02,TÜV NORD Mobilität,134,7.4,4.9,5.9,000264B
MERCEDES-BENZ,C 200,SEDÁN 4 PUERTAS,4x2,MERCEDES-BENZ 264.920,1991,,AUTOMÁTICA,NAFTA,EURO VI b,285,17/04/2019,42.04.1442.00,TÜV NORD Mobilität,163,9.8,5.6,7.2,000265B
MERCEDES-BENZ,C 300,SEDÁN 4 PUERTAS,4x2,MERCEDES-BENZ 264.920,1991,,AUTOMÁTICA,NAFTA,EURO VI b,286,23/04/2019,42.04.1442.00,TÜV NORD Mobilität,163,9.8,5.6,7.2,000270B
MERCEDES-BENZ,C 300,COUPÉ 2 PUERTAS,4x2,MERCEDES-BENZ 264.920,1991,,AUTOMÁTICA,NAFTA,EURO VI b,286,23/04/2019,42.04.1442.00,TÜV NORD Mobilität,168,10.1,5.8,7.4,000271B
MERCEDES-BENZ,C 300,CABRIOLET 2 PUERTAS,4x2,MERCEDES-BENZ 264.920,1991,,AUTOMÁTICA,NAFTA,EURO VI b,286,23/04/2019,42.04.1442.00,TÜV NORD Mobilität,180,10.6,6.3,7.9,000272B
HAVAL,H6,RURAL,4x2,GREAT WALL GW4C20,1967,140,DCT,NAFTA,,288,22/04/2019,LC 1157 026 17,LUXCONTROL S.A.,203,11.1,7.5,8.8,000268B
MERCEDES-AMG,MERCEDES-AMG GT 63 S 4MATIC+,SEDÁN 4 PUERTAS,4x4,MERCEDES-BENZ 177.980,3982,470,AUTOMÁTICA,NAFTA,EURO VI,290,22/04/2019,42.04.1415.01,TÜV NORD Mobilität,247.1,15.1,9.1,11.3,000269B
RENAULT,KWID 1.0 12V,SEDÁN 5 PUERTAS,4x2,RENAULT B4D 405,999,48,MANUAL,NAFTA,EURO V,294,23/04/2019,0110/16,DELPHI,120.64,6.52,4.37,5.17,000273B
MERCEDES-AMG,C 63 - C 63 S,COUPÉ 2 PUERTAS,4x2,MERCEDES-BENZ 177.980,3982,350 - 375,AUTOMÁTICA,NAFTA,EURO VI,295,23/04/2019,42.04.1424.00,TÜV NORD Mobilität,216.9,14.1,8,10.3,000274B
LEXUS,RC350,COUPÉ,4x2,TOYOTA 2GR-FKS,3456,232,AUTOMÁTICA,NAFTA,EURO V,296,23/04/2019,JST395095,VCA,213.33,13.1,6.86,9.15,000275B
MERCEDES-BENZ,A 250 AUTOMÁTICA,SEDÁN 4 PUERTAS,4x2,MERCEDES-BENZ 260.920,1991,165,AUTOMATICA,NAFTA,EURO VI,297,23/04/2019,42.04.1444.00,TÜV NORD Mobilität,151,9.1,5.2,6.6,000276B
MERCEDES-BENZ,B 250 AUTOMÁTICA,FAMILIAR,4x2,MERCEDES-BENZ 260.920,1991,165,AUTOMATICA,NAFTA,EURO VI,298,23/04/2019,42.04.1444.00,TÜV NORD Mobilität,155,9.1,5.5,6.8,000277B
FORD,RANGER,PICK UP CABINA SIMPLE / CABINA DOBLE,4x2,FORD 2.2 L Diesel (P4AT QJ2S),2198,118,MANUAL,GAS OIL,EURO V,303,23/04/2019,OSR355417MT (P5-14),VCA,188,8.2,6.5,7.1,000278B
FORD,RANGER,PICK UP CABINA SIMPLE / CABINA DOBLE,4x4,FORD 2.2 L Diesel (P4AT QJ2S),2198,118,MANUAL,GAS OIL,EURO V,303,23/04/2019,OSQ319372 (6a),VCA,205,9,7.1,7.8,000279B
AUDI,RS4 - RS4 AVANT / RS5 - RS5 SPORTBACK,RURAL 4 PUERTAS CON PORTÓN TRASERO / SEDÁN 2 PUERTAS CON PORTÓN TRASERO,4x4,AUDI DECA,2894,,AUTOMÁTICA,NAFTA,EURO VI b,304,26/04/2019,AUA5390C,ATE-EL LUXEMBOURG,202,11.7,7.3,8.9,000284B
AUDI,RS5 – RS5 COUPÉ,COUPÉ 2 PUERTAS,4x4,AUDI DECA,2894,,AUTOMÁTICA,NAFTA,EURO VI b,304,26/04/2019,AUA5390C,ATE-EL LUXEMBOURG,199,11.6,7.2,8.8,000285B
VOLKSWAGEN,T-CROSS,SUV 4 PUERTAS Y PORTÓN TRASERO,4x2,VOLKSWAGEN CWSA,1598,81,AUTOMÁTICA,NAFTA,EURO V,305,24/04/2019,BR19020006,IDIADA,167,9.4,5.8,7.2,000280B
VOLKSWAGEN,T-CROSS,SUV 4 PUERTAS Y PORTÓN TRASERO,4x2,VOLKSWAGEN CWSA,1598,81,MANUAL,NAFTA,EURO V,306,24/04/2019,BR19020008,IDIADA,163,9.1,5.8,7,000281B
NISSAN,SENTRA,SEDÁN 4 PUERTAS,4x2,NISSAN MRA8,1798,,MANUAL,NAFTA,EURO V,307,25/04/2019,LC 0061 B35 18,LUXCONTROL S.A.,168,9.9,5.6,7.2,000286B
AUDI,Q7,SUV – CROSSOVER 4 PUERTAS CON PORTÓN TRASERO,4x4,AUDI CYRB,1984,185,AUTOMATICA,NAFTA,EURO VI b,308,29/04/2019,AUA5140C,ATE-EL LUXEMBOURG,188,9.3,7.2,8,000282B
BAIC,BJ20,RURAL,4x2,BAIC 4A91T,1499,100,CVT,NAFTA,EURO V,309,25/04/2019,LCA 51 1236 047 17,LUXCONTROL S.A.,179,9.4,6.7,7.7,000283B
BAIC,BJ20,RURAL,4x2,BAIC 4A91T,1499,100,MANUAL,NAFTA,EURO V,311,25/04/2019,LCA 51 1236 047 17,LUXCONTROL S.A.,170,9.1,6.2,7.3,000287B
LEXUS,IS300H,SEDÁN 4 PUERTAS,4x2,TOYOTA 2AR-FSE / TOYOTA 1KM ,2494,133,CVT,NAFTA / ELECTRICIDAD,EURO V,312,25/04/2019,VCAJSOC-2015,VCA,115,5.2,5,4.96,000288B
MERCEDES-AMG,MERCEDES-AMG GT C,COUPÉ 2 PUERTAS,4x2,MERCEDES-BENZ 178.980,3982,410,AUTOMÁTICA,NAFTA,,313,26/04/2019,42.04.1430.00,TÜV NORD Mobilität,259,15.1,9,11.4,000289B
MERCEDES-AMG,MERCEDES-AMG GT C,CONVERTIBLE 2 PUERTAS,4x2,MERCEDES-BENZ 178.980,3982,410,AUTOMÁTICA,NAFTA,,313,26/04/2019,42.04.1430.00,TÜV NORD Mobilität,261,15.2,9.1,11.5,000290B
BMW,Z4 sDrive 30i ,CONVERTIBLE,4x2,BMW B48B20B,1998,190,AUTOMÁTICA,NAFTA,EURO VI c,315,25/04/2019,201845261,DEKRA,149,7.9,5.7,6.5,000291B
AUDI,A1,SEDÁN 4 PUERTAS CON PORTÓN TRASERO,4x2,AUDI DADA,1498,110,AUTOMATICA,NAFTA,EURO VI,317,09/05/2019,AUA5682A,ATE-EL LUXEMBOURG,123.58,9.03,6.12,7.08,000292B
AUDI,A1,SEDÁN 4 PUERTAS CON PORTÓN TRASERO,4x2,AUDI DADA,1498,110,MANUAL,NAFTA,EURO VI,318,30/04/2019,AUA5706A,ATE-EL LUXEMBOURG,129.4,7.97,5.81,6.61,000293B
PEUGEOT,2008,BERLINA 5 PUERTAS,4x2,PEUGEOT EP6FDTM (5GY),1598,120,AUTOMÁTICA,NAFTA,EURO V,319,26/04/2019,B1_190301_000,CONTINENTAL,179.1,9.7,6.55,7.7,000294B
TOYOTA,SW4,SUV,4x4,TOYOTA 1GD-FTV ,2755,130,AUTOMATICA,GAS OIL,EURO V,320,07/05/2019,VST409957,VCA,230,10.9,7.5,8.7,000295B
AUDI,Q8,STATION WAGON - SUV - CROSSOVER - 4 PUERTAS CON PORTÓN TRASERO,4x4,AUDI CVMD,2967,183,AUTOMÁTICA,GAS OIL,EURO V,321,30/04/2019,AUA5589A,ATE-EL LUXEMBOURG,210,9.3,7.1,7.9,000296B
MITSUBISHI,L200 o TRITON,PICK UP,4x4,MITSUBISHI 4N15,2442,133,MANUAL,GAS OIL,EURO V,322,29/04/2019,H1860156936/607,AIB-VINÇOTTE International n.v.,208,10,7.7,8.5,000297B
MITSUBISHI,L200 o TRITON,PICK UP,4x4,MITSUBISHI 4N15,2442,133,AUTOMÁTICA,GAS OIL,EURO V,324,06/05/2019,H1860156936/608,AIB-VINÇOTTE International n.v.,225,10,7.7,8.5,000299B
NISSAN,MURANO,RURAL,4x4,NISSAN VQ35,3498,188,CVT,NAFTA,EURO V,325,06/05/2019,LCA 0061 A64 18,LUXCONTROL S.A.,225.7,12.8,7.9,9.7,000300B
CHANGAN,MD201 o MD201-D,PICK UP,4x2,CHANGAN JL473Q,1243,68,MANUAL,NAFTA,EURO V,330,06/05/2019,CN18120787,IDIADA,173,9.1,6.1,7.2,000303B
FAW,R7,RURAL 5 PUERTAS,4x2,FAW CA4GB16,1598,80,MANUAL,NAFTA,EURO V,331,06/05/2019,CST393244a,VCA,177,8.9,6.6,7.5,000304B
SUZUKI,VITARA,RURAL,4x4,SUZUKI K14C,1373,103,AUTOMÁTICA,NAFTA,EURO V,332,06/05/2019,E4-101R-010962,RDW,145,7.91,5.2,6.2,000305B
CHANGAN,M201,FURGÓN,4x2,CHANGAN JL473Q,1243,68,MANUAL,NAFTA,EURO V,333,06/05/2019,CN18120785,IDIADA,172,8.8,6.2,7.2,000306B
FAW,R7,RURAL 5 PUERTAS,4x2,FAW CA4GB16,1598,80,AUTOMÁTICA,NAFTA,EURO V,334,06/05/2019,CST393243,VCA,185.02,10.94,6.37,7.85,000307B
CHANGAN,MD201 o MD201-X,PICK UP,4x2,CHANGAN JL473Q,1243,68,MANUAL,NAFTA,EURO V,335,06/05/2019,CN18120786,IDIADA,190,9.2,6.5,7.5,000308B
CHANGAN,CS55,RURAL,4x2,CHANGAN JL476ZQCD,1499,105,AUTOMÁTICA,NAFTA,EURO V,336,08/05/2019,CN18120249,IDIADA,172,92,6,7.2,000309B
ZOTYE,Z100,SEDÁN 4 PUERTAS Y PORTÓN TRASERO,4x2,UIZHAN TNN3G10K,997,50,MANUAL,NAFTA,EURO V,340,08/05/2019,13-00447-CP-SHA-00,TÜV SÜD Auto Service,128,6.5,4.7,5.3,000311B
VOLKSWAGEN,VOYAGE,SEDÁN 4 PUERTAS,4x2,VOLKSWAGEN CWSA,1598,81,AUTOMÁTICA,NAFTA,EURO V,341,09/08/2019,BR19020011,IDIADA,163,9.7,5.5,7,000312B
ZOTYE,T600C,SEDÁN 4 PUERTAS Y PORTÓN TRASERO,4x2,RUIZHAN TNN4G15TA,1502,105,MANUAL,NAFTA,EURO V,342,08/05/2019,CN17100422,IDIADA,186,9.9,6.6,7.8,000313B
ZOTYE,Z360,SEDÁN 4 PUERTAS Y PORTÓN TRASERO,4x2,RUIZHAN TNN4G15A,1499,77,MANUAL,NAFTA,EURO V,343,09/05/2019,88-R101-240/13,TÜV Rheinland,172,9.2,6,7.2,000314B
ZOTYE,T600C,SEDÁN 4 PUERTAS Y PORTÓN TRASERO,4x2,RUIZHAN TNN4G15TA,1502,105,AUTOMÁTICA,NAFTA,EURO V,345,09/05/2019,CN17100423,IDIADA,202,11.5,6.4,8.3,000315B
VOLKSWAGEN,GOL,HATCHBACK 4 PUERTAS CON PORTÓN TRASERO,4x2,VOLKSWAGEN CWSA,1598,81,AUTOMÁTICA,NAFTA,EURO V,347,10/05/2019,BR19020007,IDIADA,163,9.7,5.5,7,000316B
MASERATI,LEVANTE TROFEO,SUV,4x4,MASERATI M161A (434 kW),3798,,AUTOMÁTICA,NAFTA,EURO VI b,350,14/05/2019,J0391/2.1/BO,CENTRO PROVA AUTOVEICOLI DI BOLOGNA,310.8,19.02,10.63,13.69,000318B
MASERATI,LEVANTE GTS,SUV,4x4,MASERATI M161A (404 kW),3798,,AUTOMÁTICA,NAFTA,EURO VI b,350,14/05/2019,J0391/2.1/BO,CENTRO PROVA AUTOVEICOLI DI BOLOGNA,310.8,19.02,10.63,13.69,000318B
JAC,S7,HATCHBACK,4x2,JAC HFC4GA3.4D,1997,130,AUTOMÁTICA,NAFTA,EURO V,351,13/05/2019,61JAA0156A,ATE-EL LUXEMBOURG,228,13.4,7.7,9.8,000319B
JEEP,RENEGADE: TRAILHAWK 2.0 JTD LONGITUDE 2.0 JTD NIGHT EAGLE 2.0 JTD,BERLINA,4x4,FIAT 55261674,1956,125,AUTOMÁTIA,GAS OIL,EURO V,358,17/05/2019,6190223,FA Powertrain Ltda,206.61,9.99,6.62,7.86,000322B
CHEVROLET,ONIX 1.4 - ONIX JOY 1.4 / PRISMA 1.4 - ONIX PLUS JOY 1.4,SEDÁN 4 PUERTAS CON PORTÓN TRASERO HB / SEDÁN 4 PUERTSA CON BAÚL TRASERO NB,4x2,CHEVROLET A14XE / LKK Fam I  (1.4 SOHC),1389,72.1,AUTOMÁTICA,NAFTA,EURO V,359,14/05/2019,CPLE0078/16 Rev2,GENERAL MOTORS DO BRASIL LTDA.,166.56,9.78,5.64,7.15,000323B
CHERY,TIGGO 4,HATCHBACK,4x2,CHERY SQRD4G20,1971,90,MANUAL,NAFTA,EURO V,360,14/05/2019,CN170800522,IDIADA,189,10.6,6.5,8,000324B
CHEVROLET,CRUZE,SEDÁN 4 PUERTAS CON TAPA BAÚL NB,4x2,CHEVROLET LE2 / A14XFT,1399,112,MANUAL,NAFTA,EURO V,361,20/05/2019,KR19010233,IDIADA,148.7,8.25,5.33,6.41,000325B
KIA,SOUL,SEDÁN 5 PUERTAS,4x2,HYUNDAI o KIA G4NA-5 o G4NA,1999,112.1,AUTOMÁTICA,NAFTA,EURO V,362,16/05/2019,83-V039-58495-48,TÜV Rheinland,181,10.8,6.3,8,000326B
CITROËN,C4 LOUNGE,BERLINA 4 PUERTAS,4x2,PSA PEUGEOT CITROËN DV6C (9HD),1560,82,MANUAL,GAS OIL,EURO V,363,16/05/2019,OT833,LCEGV,161.08,7,5.57,6.1,000327B
CHEVROLET,ONIX 1.4 - ONIX JOY 1.4,SEDÁN 4 PUERTAS CON PORTÓN TRASERO HB,4x2,CHEVROLET A14XE / LKK Fam I  (1.4 SOHC),1389,72.1,MANUAL,NAFTA,EURO V,366,17/05/2019,CPLE-098/2019 Rev.1,GENERAL MOTORS DO BRASIL LTDA.,166.12,9.7,5.65,7.14,000330B
CHEVROLET,PRISMA 1.4 - ONIX PLUS JOY 1.4,SEDÁN 4 PUERTSA CON BAÚL TRASERO NB,4x2,CHEVROLET A14XE / LKK Fam I  (1.4 SOHC),1389,72.1,MANUAL,NAFTA,EURO V,366,17/05/2019,CPLE-079/2016 Rev.2,GENERAL MOTORS DO BRASIL LTDA.,164.32,9.53,5.48,6.99,000387B
HONDA,WR-V,SEDÁN 5 PUERTAS,4x2,HONDA L15Z9,1496,88,CVT,NAFTA,EURO V,368,17/05/2019,T02 BSS360549 00 Issue 1,VCA,154.28,8.2,5.7,6.62,000331B
MERCEDES-BENZ,E 300,SEDÁN 4 PUERTAS,4x2,MERCEDES-BENZ 264.920,1991,190,AUTOMÁTICA,NAFTA,EURO VI,369,20/05/2019,42.04.1442.00,TÜV NORD Mobilität,152.6,9.7,5.8,7.3,000333B
NISSAN,KICKS,SEDÁN 5 PUERTAS,4x2,NISSAN HR16,1598,88,CVT,NAFTA,EURO V,371,20/05/2019,LC 0060 311 19,LUXCONTROL S.A.,154,8.1,5.6,6.7,000334B
KIA,CERATO CERATO FORTE,SEDÁN 4 PUERTAS,4x2,HYUNDAI o KIA G4FHG-5 o G4FG,1591,93.8,AUTOMÁTICA,NAFTA,EURO V,372,21/05/2019,KR18060092,IDIADA,166,9.7,5.8,7.2,000336B
NISSAN,KICKS,SEDÁN 5 PUERTAS,4x2,NISSAN HR16,1598,88,MANUAL,NAFTA,EURO V,373,21/05/2019,LC 0060 313 19,LUXCONTROL S.A.,150,8.2,5.2,6.4,000337B
KIA,CERATO CERATO FORTE,SEDÁN 4 PUERTAS,4x2,HYUNDAI o KIA G4FHG-5 o G4FG,1591,93.8,MANUAL,NAFTA,EURO V,374,21/05/2019,KR18060095,IDIADA,163,9.3,5.8,7.1,000338B
CHEVROLET,CRUZE,SEDÁN 4 PUERTAS CON BAÚL TRASERO NB,4x2,CHEVROLET LE2 / A14XFT,1399,112,AUTOMÁTICA,NAFTA,EURO V,375,22/05/2019,KR19010234,IDIADA,152.4,8.33,5.56,6.56,000339B
CHEVROLET,CRUZE,SEDÁN 4 PUERTAS CON BAÚL TRASERO NB,4x2,CHEVROLET LE2 / A14XFT,1399,112,AUTOMÁTICA,NAFTA,EURO V,375,,KR20100169,IDIADA,154.4,8.44,5.63,6.67,000661C
GREAT WALL,WINGLE 7 o STEED 7,PICK UP,4x2 4x4,GREAT WALL GW4D20D,1996,102,MANUAL,GAS OIL,EURO V,377,23/05/2019,CSU446678,VCA,214,9.8,7.2,8.2,000340B
MERCEDES-BENZ,E 350,SEDÁN 4 PUERTAS,4x2,MERCEDES-BENZ 264.920 / BOSCH EM0018,1991,220,AUTOMÁTICA,NAFTA / ELECTRICIDAD,EURO VI,381,28/05/2019,42.04.1441.00,TÜV NORD Mobilität,170,10.1,6,7.5,000343B
KYC,MAMUT,COMERCIAL LIVIANO,4x2,DFSK DK15-10,1493,72,MANUAL,NAFTA,EURO V,382,30/05/2019,CS101-A0-2018-02386,TÜV NORD Mobilität,210,10.6,7.6,8.7,000344B
CHEVROLET,CRUZE 1.4 TRANSMISIÓN AUTOMÁTICA,SEDÁN 4 PUERTAS CON PORTÓN TRASERO HB,4x2,CHEVROLET LE2 / A14XFT ,1399,112,AUTOMÁTICA,NAFTA,EURO V,383,28/05/2019,KR19010236,IDIADA,156.1,8.26,5.84,6.73,000345B
CHEVROLET,CRUZE 1.4 TRANSMISIÓN AUTOMÁTICA,SEDÁN 4 PUERTAS CON PORTÓN TRASERO HB,4x2,CHEVROLET LE2 / A14XFT ,1399,112,AUOTMÁTICA,NAFTA,EURO V,383,,KR20100171,IDIADA,156.1,6.26,5.84,672,000345B
BMW,X2 M35i,RURAL,4x4,BMW B48A20E,1998,225,AUTOMÁTICA,NAFTA,EURO VI c,386,05/06/2019,18-00075-CZ-GBM-00,TÜV SÜD Czech s.r.o.,168,9.2,6.3,7.4,000347B
MERCEDES-BENZ,GLE 450 4MATIC,FAMILIAR 4 PUERTAS,4x4,MERCEDES-BENZ 256.930 / MELCO EM0014,2999,270,AUTOMÁTICA,NAFTA / ELECTRICIDAD,EURO VI,387,30/05/2019,42.04.1409.03,TÜV NORD Mobilität,207,11.1,8,9.1,000348B
CITROËN,C4 SPACETOURER / GRAND C4 SPACETOURER ,MONOVOLUMEN 5 PLAZAS / MONOVULUMEN 7 PLAZAS,4x2,CITROËN 9HC (DV6C),1560,85,MANUAL,GAS OIL,EURO V,388,03/06/2019,13/06433,UTAC,112.5,5.09,3.69,4.19,000349B
LAND ROVER,RANGE ROVER EVOQUE,SUV 4/5 PUERTAS,4x4,JAGUAR LAND ROVER PT204 / VALEO K8D2-11A240-A*,1997,221,AUTOMÁTICA,NAFTA / ELECTRICIDAD,EURO VI d,390,10/06/2019,PC18090054,IDIADA,191.99,12.71,7.91,9.31,000354B
PEUGEOT,2008,BERLINA 5 PUERTAS,4x2,PEUGEOT EC5 (NFP),1587,83,MANUAL,NAFTA,EURO V,394,18/06/2019,0162/17,DELPHI,190.56,10.78,6.63,8.15,000358B
PEUGEOT,308,BERLINA 5 PUERTAS,4x2,PEUGEOT DV6C (9HD),1560,82,MANUAL,GAS OIL,EURO V,395,18/06/2019,I + D PE D300 T1 Eva. 1/2019,LCEGV,154.56,6.65,5.41,5.87,000359B
KYC,MAMUT,COMERCIAL LIVIANO,4x2,DFSK DK15-10,,72,MANUAL,NAFTA,EURO V,397,19/06/2019,CS101-A0-2018-01065,TÜV NORD,185,9.1,6.8,7.7,000360B
SUZUKI,VITARA,RURAL,4x4,SUZUKI K14C,1373,103,AUTOMÁTICA,NAFTA,EURO V,398,19/06/2019,RDW-83R-0032634 EXT 2,RDW,138,7.6,4.9,5.9,000361B
HONDA,FIT,SEDÁN 5 PUERTAS,4x2,HONDA L15ZA,1496,88,CVT,NAFTA,EURO V,399,01/07/2019,T02 BST402848 01,VCA,137.51,7.28,5.08,5.9,000362B
LAND ROVER,RANGE ROVER EVOQUE,SUV 4/5 PUERTAS,4x4,JAGUAR LAND ROVER PT204 / VALEO K8D2-11A240-A*,1997,183 / 147,AUTOMÁTICA,NAFTA / ELECTRICIDAD,EURO V,400,01/07/2019,GB18110028,IDIADA,187.6,10.44,6.72,8.08,000363B
FORD,MUSTANG,COUPÉ,4x2,FORD 5.0L,5038,343,MANUAL,NAFTA,EURO VI b,402,19/07/2019,TR83-USS379968-004,VCA,295,19.3,9.3,13,000364B
HONDA,FIT,SEDÁN 5 PUERTAS,4x2,HONDA L15ZA,1496,88,MANUAL,NAFTA,EURO V,403,22/07/2019,T02 BST402848 02 01,VCA,143,7.9,5.1,6.1,000365B
MERCEDES-BENZ,C 300 e,SEDÁN 4 PUERTAS,4x2,MERCEDES-BENZ 274.920 / EM motive EM0012,1991,155,AUTOMÁTICA,NAFTA / ELECTRICIDAD,EURO  VI,408,09/08/2019,42.04.1449.00,TÜV NORD Mobilität,155,,,2.3,000366B
FORD,RANGER,PICK UP CABINA SIMPLE CABINA DOBLE,4x2,FORD 2.5L NAFTA,2488,122,MANUAL,NAFTA,EURO  V,410,25/07/2019,OST435932,VCA,264,15,9.3,11.4,000367B
MERCEDES-BENZ,E 300 e,SEDÁN 4 PUERTAS,4x2,MERCEDES-BENZ 274.920 / EM-motive EM0012,1991,155,AUTOMÁTICA,NAFTA / ELECTRICIDAD,EURO VI,411,09/08/2019,42.04.1449.00,TÜV NORD Mobilität,152,,,2.3,000368B
MERCEDES-BENZ,VITO 121 VITO TOURER 121 ,FAMILIAR,4x2,MERCEDES-BENZ M274 (274.920),1991,155,AUTOMÁTICA,NAFTA,EURO  V,415,09/08/2019,42.04.521.00,TÜV NORD Mobilität,211,11.3,7.6,9,000369B
MERCEDES-BENZ,VITO 111 CDI,FURGÓN,4x2,RENAULT (MERCEDES-BENZ) R9M?502 (OM622),1598,84,MANUAL,GAS OIL,EURO  V,416,13/08/2019,42.04.527.00,TÜV NORD Mobilität,172.5,8,5.7,6.5,000370B
RENAULT,SANDERO Ph2 1.6 SANDERO Ph2 GT Line 1.6 MANUAL,SEDÁN 5 PUERTAS,4x2,RENAULT H4M J 759,1598,82,MANUAL,NAFTA,EURO  V,420,26/07/2019,1-0060/19,DELPHI Technologies,162.72,9,5.74,6.95,000371B
RENAULT,SANDERO Ph2 STEPWAY 1.6,SEDÁN 5 PUERTAS,4x2,RENAULT H4M J 759,1598,82,MANUAL,NAFTA,EURO  V,421,26/07/2019,1-0061/19,DELPHI Technologies,168.46,9.25,6,7.2,000372B
RENAULT,LOGAN Ph2 1.6,SEDÁN 4 PUERTAS,4x2,RENAULT H4M J 759,1598,82,MANUAL,NAFTA,EURO  V,422,26/07/2019,1-0060/19,DELPHI Technologies,162.72,9,5.74,6.95,000373B
DS,DS 3 CROSSBACK,FAMILIAR 5 PUERTAS,4x2,PSA EB2DT (HNJ) NAFTA,1199,114,AUTIMÁTICA,NAFTA,EURO  V,423,31/07/2019,19/04919,UTAC,138.9,7.7,5.2,6.1,000374B
MITSUBISHI,OUTLANDER,RURAL,4x2 4x4,MITSUBISHI 4J12,2360,124,CTT,NAFTA,EURO  V,425,31/07/2019,42.09.145.00,TÜV NORD Mobilität,176.1,9.2,6,7.2,000375B
CHANGAN,CS35 PLUS,SEDÁN 5 PUERTAS,4x2,CHANGAN JL478QEP,1598,86,MANUAL,NAFTA,EURO  V,427,20/08/2019,CN19010035,IDIADA,172,9.2,6,7.2,000377B
HONDA,PILOT,RURAL,4x2,HONDA J35Y6,3471,205,AUTOMÁTICA,NAFTA,EURO  V,428,01/08/2019,H1960552835/038,VINÇOTTE nv,238,7,12.8,9.8,000378B
FIAT,ARGO TREKKING 1.3,BERLINA,4x2,FIAT 55282059,1332,72.8,MANUAL,NAFTA,EURO  V,429,01/08/2019,2190692,FCA FIAT CHRYSLER AUTOMOVEIS BRASIL,151.75,8.39,5.49,6.56,000379B
HONDA,PILOT TOURING,RURAL,4x4,HONDA J35Y6,3471,205,AUTOMÁTICA,NAFTA,EURO V,430,02/08/2019,H1960552835/038,VINÇOTTE nv,238,7,12.8,9.8,000380B
FERRARI,812 SUPERFAST,COUPÉ,4x2,FERRARI F140GA,6496,585,MANUAL AUTOMATIZADA,NAFTA,EURO VI c,431,02/08/2019,H0743/2.1/BO ,CENTRO PROVA AUTOVEICOLI DI BOLOGNA,340,21.4,11.1,14.9,000381B
CITROËN,C4 SPACETOURER,MONOVOLUMEN 7 PLAZAS,4x2,CITROËN 5GY (EP6FDTM),1598,121.4,MANUAL,NAFTA,EURO  V,432,02/08/2019,14/00859,UTAC,153.3,8.9,5,6.4,000383B
CHANGAN,CS35 PLUS,SEDÁN 5 PUERTAS,4x2,CHANGAN JL478QEP,1598,86,AUTOMÁTICA,NAFTA,EURO  V,433,02/08/2019,CN19010034 ,IDIADA,183,10,6.2,7.6,000384B
RENAULT,SANDERO Ph2 1.6 CVT SANDERO Ph2 GT LINE 1.6 CVT,SEDÁN 5 PUERTAS,4x2,RENAULT H4M J 759,1598,82,CVT,NAFTA,EURO  V,437,06/08/2019,1-0152/19,DELPHI Technologies,158.35,8.75,5.63,6.78,000385B
RENAULT,SANDERO Ph2 STEPWAY 1.6 CVT,SEDÁN 5 PUERTAS,4x2,RENAULT H4M J 759,1598,82,CVT,NAFTA,EURO  V,438,06/08/2019,2-0151/19,DELPHI Technologies,161.7,8.8,5.83,6.93,000386B
PORSCHE,911 CARRERA S (CB12),COUPÉ 2 PUERTAS,4x2,PORSCHE DKK,2981,331,AUTOMÁTICA,NAFTA,EURO  V,439,09/08/2019,42.07.253.00,TÜV NORD Mobilität,208,13.4,7.2,9.5,000387B
PORSCHE,911 CARRERA S (CB22) / 911 CARRERA 4S (KB12 KB22),CONVERTIBLE 2 PUERTAS / COUPÉ 2 PUERTAS - CONVERTIBLE 2 PUERTAS,4x2 / 4x4,PORSCHE DKK,2981,331,AUTOMÁTICA,NAFTA,EURO  V,439,09/08/2019,42.07.253.00,TÜV NORD Mobilität,213.4,13.6,7.3,9.6,000389B
TOYOTA,C-HR,SEDÁN 5 PUERTAS (HATCHBACK),4x2,TOYOTA 2ZR-FKE / TOYOTA 1NM,1798,72,CVT,NAFTA / ELECTRICIDAD,EURO  VI b,440,09/08/2019,JSV457596,VCA,99.55,2.39,5.53,4.38,000388B
FORD,KUGA 2.5L FHEV,SUV,4x2,FORD 2.5L DURA D4 IVCT ATK FHEV / TOSHIBA PERMANENT MAGNET SYNCHRONOUS AC MOTOR,2488,121,E-CVT (Hibrida controlada electrónicamente) ,NAFTA / ELECTRICIDAD,EURO V,460,20/08/2019,3071-603239,TÜV Rheinland,120,4.1,5.8,5.1,000402B
VOLKSWAGEN,BEETLE,COUPÉ 2 PUERTAS COUPÉ 2 PUERTAS CABRIO,4x2,VOLKSWAGEN CPLA,1984,155,AUTOMÁTICA,NAFTA,EURO V,489,12/09/2019,11.06.1734.04,TÜV NORD Mobilität,186.9,10.5,6.5,8,000424B
VOLKSWAGEN,BEETLE,COUPÉ 2 PUERTAS COUPÉ 2 PUERTAS CABRIO,4x2,VOLKSWAGEN CTHD,1390,118,MANUAL,NAFTA,EURO V,491,12/09/2019,11.06.1876.02,TÜV NORD Mobilität,163.1,9,5.8,7,000426B
CHEVROLET,SPIN ACTIV 1.8,MONOVOLÚMEN 4 PUERTAS Y PORTÓN TRASERO,4x2,CHEVROLET LJ1-(FAM 1 GV 1.8L SOHC 2V),1796,77.2,MANUAL,NAFTA,EURO V,508,11/10/2019,CPLE 042/2017 Rev.1,GENERAL MOTORS DO BRASIL LTDA.,192.83,10.68,6.64,8.13,000442B
,,,,,,,,,,,,,,,,,,
,,,,,,,,,,,,,,,,,,
,,,,,,,,,,,,,,,,,,
,,,,,,,,,,,,,,,,,,
,,,,,,,Manual (M),Nafta (E0),Euro V,,,,,,,,,
,,,,,,,,,,,,,,,,,,
,,,,,,,,,,,,,,,,,,
,,,,,,,Manual Automatizada (MA),Nafta (E5),Euro VI,,,,,,,,,
,,,,,,,,,,,,,,,,,,
,,,,,,,,,,,,,,,,,,
,,,,,,,Automática (A),GNC (G20),,,,,,,,,,
,,,,,,,,,,,,,,,,,,
,,,,,,,,,,,,,,,,,,
,,,,,,,Automática Doble Embreague (DCT),GNL,,,,,,,,,,
,,,,,,,,,,,,,,,,,,
,,,,,,,,,,,,,,,,,,
,,,,,,,Continua Variable (CV),Diesel (B0),,,,,,,,,,
,,,,,,,,,,,,,,,,,,
,,,,,,,,,,,,,,,,,,
,,,,,,,,Diesel (B5),,,,,,,,,,
