2,1,1,17,0,1615292298,False,IN_SERVICE,1,1,1,1,0
3,4,0,16,0,1615292240,False,IN_SERVICE,1,1,1,4,0
4,5,1,14,0,1615292147,False,IN_SERVICE,1,1,1,5,0
5,27,0,13,1,1615292286,False,IN_SERVICE,1,1,1,27,0
6,3,0,17,0,1615292135,False,IN_SERVICE,1,1,1,3,0
7,0,0,16,0,1615292181,False,IN_SERVICE,1,1,1,0,0
8,5,1,18,0,1615292295,False,IN_SERVICE,1,1,1,5,0
9,0,1,23,0,1615292197,False,IN_SERVICE,1,1,1,0,0
12,1,0,15,0,1615292233,False,IN_SERVICE,1,1,1,1,0
13,1,0,29,0,1615292048,False,IN_SERVICE,1,1,1,1,0
14,9,2,18,0,1615292275,False,IN_SERVICE,1,1,1,9,0
16,0,0,0,0,0,False,END_OF_LIFE,1,0,0,0,0
17,1,2,17,0,1615292287,False,IN_SERVICE,1,1,1,1,0
18,0,0,0,0,0,False,END_OF_LIFE,1,0,0,0,0
20,7,0,13,0,1615292091,False,IN_SERVICE,1,1,1,7,0
21,11,2,11,0,1615292169,False,IN_SERVICE,1,1,1,11,0
22,1,0,19,0,1615292150,False,IN_SERVICE,1,1,1,1,0
23,2,1,8,0,1615292158,False,IN_SERVICE,1,1,1,2,0
24,0,0,18,0,1615292134,False,IN_SERVICE,1,1,1,0,0
25,6,2,16,0,1615292222,False,IN_SERVICE,1,1,1,6,0
26,4,0,20,0,1615292256,False,IN_SERVICE,1,1,1,4,0
27,0,0,16,0,1615292088,False,IN_SERVICE,1,1,1,0,0
29,3,1,26,0,1615292295,False,IN_SERVICE,1,1,1,3,0
30,0,0,20,0,1615292072,False,IN_SERVICE,1,1,1,0,0
32,4,1,11,0,1615292074,False,IN_SERVICE,1,1,1,4,0
33,0,1,19,0,1615292258,False,IN_SERVICE,1,1,1,0,0
34,0,0,0,0,0,False,END_OF_LIFE,1,0,0,0,0
35,4,0,15,0,1615292210,False,IN_SERVICE,1,1,1,4,0
38,1,0,19,0,1615292293,False,IN_SERVICE,1,1,1,1,0
41,7,1,11,0,1615292250,False,IN_SERVICE,1,1,1,7,0
42,1,0,17,0,1615292081,False,IN_SERVICE,1,1,1,1,0
43,14,0,6,0,1615292220,False,IN_SERVICE,1,1,1,14,0
44,2,0,18,0,1615292192,False,IN_SERVICE,1,1,1,2,0
45,0,1,19,0,1615292302,False,IN_SERVICE,1,1,1,0,0
46,2,1,15,0,1615292300,False,IN_SERVICE,1,1,1,2,0
48,6,0,10,0,1615292230,False,IN_SERVICE,1,1,1,6,0
50,0,0,20,0,1615292182,False,IN_SERVICE,1,1,1,0,0
51,3,0,9,0,1615292146,False,IN_SERVICE,1,1,1,3,0
54,0,3,17,0,1615292160,False,IN_SERVICE,1,1,1,0,0
56,11,0,5,0,1615292225,False,IN_SERVICE,1,1,1,11,0
58,3,0,17,0,1615292234,False,IN_SERVICE,1,1,1,3,0
59,0,0,20,0,1615292253,False,IN_SERVICE,1,1,1,0,0
60,4,0,16,0,1615292200,False,IN_SERVICE,1,1,1,4,0
63,4,0,16,0,1615292285,False,IN_SERVICE,1,1,1,4,0
64,0,0,20,0,1615292002,False,IN_SERVICE,1,1,1,0,0
65,2,0,18,0,1615292201,False,IN_SERVICE,1,1,1,2,0
66,2,2,16,0,1615292227,False,IN_SERVICE,1,1,1,2,0
67,0,0,0,0,0,False,END_OF_LIFE,1,0,0,0,0
69,1,0,15,0,1615292278,False,IN_SERVICE,1,1,1,1,0
70,2,2,16,0,1615292313,False,IN_SERVICE,1,1,1,2,0
71,6,0,24,0,1615292090,False,IN_SERVICE,1,1,1,6,0
73,0,0,16,0,1615292295,False,IN_SERVICE,1,1,1,0,0
74,7,2,21,1,1615292113,False,IN_SERVICE,1,1,1,7,0
75,1,0,17,0,1615292308,False,IN_SERVICE,1,1,1,1,0
76,0,0,20,0,1615292176,False,IN_SERVICE,1,1,1,0,0
79,1,0,29,0,1615292106,False,IN_SERVICE,1,1,1,1,0
80,0,0,16,0,1615292147,False,IN_SERVICE,1,1,1,0,0
81,0,0,0,0,0,False,END_OF_LIFE,1,0,0,0,0
82,1,1,18,0,1615292187,False,IN_SERVICE,1,1,1,1,0
83,3,0,16,0,1615292262,False,IN_SERVICE,1,1,1,3,0
84,1,1,17,0,1615292088,False,IN_SERVICE,1,1,1,1,0
85,0,0,20,0,1615292310,False,IN_SERVICE,1,1,1,0,0
86,0,2,18,0,1615292203,False,IN_SERVICE,1,1,1,0,0
87,2,0,13,0,1615292024,False,IN_SERVICE,1,1,1,2,0
89,4,0,14,0,1615292304,False,IN_SERVICE,1,1,1,4,0
91,1,0,19,0,1615292091,False,IN_SERVICE,1,1,1,1,0
92,19,1,0,0,1615292238,False,IN_SERVICE,1,1,1,19,0
93,1,4,14,0,1615292147,False,IN_SERVICE,1,1,1,1,0
94,19,0,11,0,1615292157,False,IN_SERVICE,1,1,1,19,0
95,3,0,13,0,1615292245,False,IN_SERVICE,1,1,1,3,0
96,0,2,18,0,1615292264,False,IN_SERVICE,1,1,1,0,0
98,11,0,5,0,1615292256,False,IN_SERVICE,1,1,1,11,0
99,9,0,11,0,1615292141,False,IN_SERVICE,1,1,1,9,0
100,0,0,0,0,0,False,END_OF_LIFE,1,0,0,0,0
101,2,0,17,0,1615292207,False,IN_SERVICE,1,1,1,2,0
103,0,0,0,0,0,False,END_OF_LIFE,1,0,0,0,0
104,0,1,29,0,1615292271,False,IN_SERVICE,1,1,1,0,0
107,8,0,8,0,1615292190,False,IN_SERVICE,1,1,1,8,0
111,0,0,30,0,1615292232,False,IN_SERVICE,1,1,1,0,0
112,0,0,20,0,1615292222,False,IN_SERVICE,1,1,1,0,0
114,0,0,20,0,1615292130,False,IN_SERVICE,1,1,1,0,0
116,1,0,11,0,1615292104,False,IN_SERVICE,1,1,1,1,0
117,0,1,15,0,1615292308,False,IN_SERVICE,1,1,1,0,0
118,0,0,20,0,1615292206,False,IN_SERVICE,1,1,1,0,0
120,7,1,12,0,1615292127,False,IN_SERVICE,1,1,1,7,0
121,2,3,14,0,1615292260,False,IN_SERVICE,1,1,1,2,0
124,4,2,12,0,1615292277,False,IN_SERVICE,1,1,1,4,0
126,13,1,2,0,1615292114,False,IN_SERVICE,1,1,1,13,0
128,1,0,19,0,1615292287,False,IN_SERVICE,1,1,1,1,0
130,7,0,33,0,1615292274,False,IN_SERVICE,1,1,1,7,0
131,1,1,14,0,1615292182,False,IN_SERVICE,1,1,1,1,0
132,12,0,0,0,1615292278,False,IN_SERVICE,1,1,1,12,0
134,0,3,17,0,1615292309,False,IN_SERVICE,1,1,1,0,0
135,8,0,12,0,1615292203,False,IN_SERVICE,1,1,1,8,0
137,4,0,16,0,1615292239,False,IN_SERVICE,1,1,1,4,0
138,3,0,9,0,1615292211,False,IN_SERVICE,1,1,1,3,0
144,1,0,19,0,1615292106,False,IN_SERVICE,1,1,1,1,0
146,0,3,17,0,1615292128,False,IN_SERVICE,1,1,1,0,0
147,0,0,0,0,0,False,END_OF_LIFE,1,0,0,0,0
149,1,0,15,0,1615292060,False,IN_SERVICE,1,1,1,1,0
150,5,0,25,0,1615292269,False,IN_SERVICE,1,1,1,5,0
151,11,0,13,0,1615292073,False,IN_SERVICE,1,1,1,11,0
152,0,0,20,0,1615292311,False,IN_SERVICE,1,1,1,0,0
153,7,0,9,0,1615292068,False,IN_SERVICE,1,1,1,7,0
155,15,3,1,0,1615292228,False,IN_SERVICE,1,1,1,15,0
156,7,1,12,0,1615292217,False,IN_SERVICE,1,1,1,7,0
158,15,0,5,0,1615292055,False,IN_SERVICE,1,1,1,15,0
161,0,0,20,0,1615292270,False,IN_SERVICE,1,1,1,0,0
162,2,0,18,0,1615292275,False,IN_SERVICE,1,1,1,2,0
163,3,0,27,0,1615292230,False,IN_SERVICE,1,1,1,3,0
164,4,0,16,0,1615292152,False,IN_SERVICE,1,1,1,4,0
165,0,2,10,0,1615292116,False,IN_SERVICE,1,1,1,0,0
166,0,0,20,0,1615292210,False,IN_SERVICE,1,1,1,0,0
167,14,2,0,0,1615292311,False,IN_SERVICE,1,1,1,14,0
168,0,0,16,0,1615292139,False,IN_SERVICE,1,1,1,0,0
171,2,0,17,0,1615292176,False,IN_SERVICE,1,1,1,2,0
172,0,1,15,0,1615292070,False,IN_SERVICE,1,1,1,0,0
174,1,0,19,0,1615292266,False,IN_SERVICE,1,1,1,1,0
175,1,2,32,0,1615292189,False,IN_SERVICE,1,1,1,1,0
179,11,1,1,0,1615292272,False,IN_SERVICE,1,1,1,11,0
181,2,1,17,0,1615292063,False,IN_SERVICE,1,1,1,2,0
182,4,0,16,0,1615292249,False,IN_SERVICE,1,1,1,4,0
183,2,2,16,0,1615292221,False,IN_SERVICE,1,1,1,2,0
184,6,0,14,0,1615292266,False,IN_SERVICE,1,1,1,6,0
186,1,0,19,0,1615292100,False,IN_SERVICE,1,1,1,1,0
187,4,0,12,0,1615292134,False,IN_SERVICE,1,1,1,4,0
188,1,1,14,1,1615292127,False,IN_SERVICE,1,1,1,1,0
189,1,0,19,0,1615292288,False,IN_SERVICE,1,1,1,1,0
190,3,0,17,0,1615292101,False,IN_SERVICE,1,1,1,3,0
191,2,0,14,0,1615292067,False,IN_SERVICE,1,1,1,2,0
193,0,0,20,0,1615292293,False,IN_SERVICE,1,1,1,0,0
194,1,0,15,0,1615292230,False,IN_SERVICE,1,1,1,1,0
196,9,1,10,0,1615292085,False,IN_SERVICE,1,1,1,9,0
197,0,0,20,0,1615292206,False,IN_SERVICE,1,1,1,0,0
199,5,6,8,2,1615292307,False,IN_SERVICE,1,1,1,5,0
200,0,0,20,0,1615292083,False,IN_SERVICE,1,1,1,0,0
202,8,0,21,0,1615292192,False,IN_SERVICE,1,1,1,8,0
203,4,0,20,0,1615292184,False,IN_SERVICE,1,1,1,4,0
204,1,3,20,0,1615292083,False,IN_SERVICE,1,1,1,1,0
205,2,1,13,0,1615292179,False,IN_SERVICE,1,1,1,2,0
206,10,0,6,0,1615292137,False,IN_SERVICE,1,1,1,10,0
207,5,0,14,0,1615292127,False,IN_SERVICE,1,1,1,5,0
210,5,0,14,0,1615292251,False,IN_SERVICE,1,1,1,5,0
212,7,0,13,0,1615292141,False,IN_SERVICE,1,1,1,7,0
213,5,0,14,0,1615292251,False,IN_SERVICE,1,1,1,5,0
214,1,0,14,0,1615292235,False,IN_SERVICE,1,1,1,1,0
215,6,0,13,0,1615292272,False,IN_SERVICE,1,1,1,6,0
216,0,0,20,0,1615292185,False,IN_SERVICE,1,1,1,0,0
220,15,1,0,0,1615292010,False,IN_SERVICE,1,1,1,15,0
222,5,0,15,0,1615292178,False,IN_SERVICE,1,1,1,5,0
223,1,0,14,0,1615292212,False,IN_SERVICE,1,1,1,1,0
227,11,3,6,0,1615292133,False,IN_SERVICE,1,1,1,11,0
229,2,0,10,0,1615292126,False,IN_SERVICE,1,1,1,2,0
231,14,0,2,0,1615292264,False,IN_SERVICE,1,1,1,14,0
235,0,0,24,0,1615292190,False,IN_SERVICE,1,1,1,0,0
236,4,0,12,0,1615292216,False,IN_SERVICE,1,1,1,4,0
239,6,0,14,0,1615292108,False,IN_SERVICE,1,1,1,6,0
241,0,0,12,0,1615292220,False,IN_SERVICE,1,1,1,0,0
242,3,0,17,0,1615292220,False,IN_SERVICE,1,1,1,3,0
243,0,0,0,0,0,False,END_OF_LIFE,1,0,0,0,0
247,5,0,13,0,1615292285,False,IN_SERVICE,1,1,1,5,0
248,1,0,19,0,1615292067,False,IN_SERVICE,1,1,1,1,0
252,12,2,2,0,1615292289,False,IN_SERVICE,1,1,1,12,0
254,9,0,7,0,1615292064,False,IN_SERVICE,1,1,1,9,0
255,2,0,12,0,1615292179,False,IN_SERVICE,1,1,1,2,0
257,2,0,22,0,1615292163,False,IN_SERVICE,1,1,1,2,0
258,1,0,15,0,1615292224,False,IN_SERVICE,1,1,1,1,0
261,0,0,16,0,1615292264,False,IN_SERVICE,1,1,1,0,0
262,14,1,1,0,1615292286,False,IN_SERVICE,1,1,1,14,0
263,2,0,10,0,1615292244,False,IN_SERVICE,1,1,1,2,0
265,0,0,16,0,1615292191,False,IN_SERVICE,1,1,1,0,0
268,1,0,26,0,1615292111,False,IN_SERVICE,1,1,1,1,0
269,0,0,18,0,1615292157,False,IN_SERVICE,1,1,1,0,0
271,9,0,11,0,1615292104,False,IN_SERVICE,1,1,1,9,0
273,5,2,8,1,1615292232,False,IN_SERVICE,1,1,1,5,0
275,5,0,14,0,1615292225,False,IN_SERVICE,1,1,1,5,0
277,4,1,7,0,1615292227,False,IN_SERVICE,1,1,1,4,0
278,5,1,8,0,1615292306,False,IN_SERVICE,1,1,1,5,0
280,14,2,8,0,1615292086,False,IN_SERVICE,1,1,1,14,0
281,14,0,10,0,1615292284,False,IN_SERVICE,1,1,1,14,0
284,8,2,10,0,1615292110,False,IN_SERVICE,1,1,1,8,0
289,8,0,16,0,1615292223,False,IN_SERVICE,1,1,1,8,0
291,7,0,9,0,1615292274,False,IN_SERVICE,1,1,1,7,0
299,3,0,16,0,1615292157,False,IN_SERVICE,1,1,1,3,0
301,0,0,20,0,1615292083,False,IN_SERVICE,1,1,1,0,0
302,4,1,11,0,1615292203,False,IN_SERVICE,1,1,1,4,0
304,0,0,16,0,1615292272,False,IN_SERVICE,1,0,1,0,0
308,2,0,18,0,1615292178,False,IN_SERVICE,1,1,1,2,0
311,1,0,18,0,1615292178,False,IN_SERVICE,1,1,1,1,0
315,0,0,0,0,0,False,END_OF_LIFE,1,0,0,0,0
316,15,0,1,0,1615292221,False,IN_SERVICE,1,1,1,15,0
318,18,0,1,0,1615292254,False,IN_SERVICE,1,1,1,18,0
322,10,0,9,0,1615292177,False,IN_SERVICE,1,1,1,10,0
323,1,1,21,0,1615292249,False,IN_SERVICE,1,1,1,1,0
329,2,0,18,0,1615292261,False,IN_SERVICE,1,1,1,2,0
331,0,0,0,0,0,False,END_OF_LIFE,1,0,0,0,0
333,0,0,20,0,1615292180,False,IN_SERVICE,1,1,1,0,0
334,0,0,0,0,0,False,END_OF_LIFE,1,0,0,0,0
335,15,0,5,0,1615292130,False,IN_SERVICE,1,1,1,15,0
336,0,0,28,0,1615292226,False,IN_SERVICE,1,0,1,0,0
344,0,0,0,0,0,False,END_OF_LIFE,1,0,0,0,0
346,0,0,0,0,0,False,END_OF_LIFE,1,0,0,0,0
353,1,0,19,0,1615292135,False,IN_SERVICE,1,1,1,1,0
355,1,0,15,0,1615292079,False,IN_SERVICE,1,1,1,1,0
357,0,0,0,0,0,False,END_OF_LIFE,1,0,0,0,0
358,9,0,2,0,1615292144,False,IN_SERVICE,1,1,1,9,0
359,5,1,14,0,1615292192,False,IN_SERVICE,1,1,1,5,0
360,0,0,0,0,0,False,END_OF_LIFE,1,0,0,0,0
361,1,0,19,0,1615292252,False,IN_SERVICE,1,1,1,1,0
363,0,0,16,1,1615292133,False,IN_SERVICE,1,1,1,0,0
364,3,1,20,0,1615292141,False,IN_SERVICE,1,1,1,3,0
365,0,0,0,0,0,False,END_OF_LIFE,1,0,0,0,0
368,0,0,12,1,1615292210,False,IN_SERVICE,1,1,1,0,0
376,9,0,11,0,1615292106,False,IN_SERVICE,1,1,1,9,0
387,14,0,2,0,1615292207,False,IN_SERVICE,1,1,1,14,0
392,6,0,10,0,1615292123,False,IN_SERVICE,1,1,1,6,0
407,0,0,28,0,1615292287,False,IN_SERVICE,1,1,1,0,0
416,0,1,27,0,1615292064,False,IN_SERVICE,1,1,1,0,0
424,14,0,2,0,1615292104,False,IN_SERVICE,1,1,1,14,0
426,5,1,13,0,1615292298,False,IN_SERVICE,1,1,1,5,0
432,2,0,18,0,1615292140,False,IN_SERVICE,1,1,1,2,0
433,13,5,1,1,1615292274,False,IN_SERVICE,1,1,1,13,0
435,14,2,0,0,1615292125,False,IN_SERVICE,1,1,1,14,0
441,7,0,13,0,1615292159,False,IN_SERVICE,1,1,1,7,0
444,4,0,20,0,1615292124,False,IN_SERVICE,1,1,1,4,0
448,2,1,21,0,1615292092,False,IN_SERVICE,1,1,1,2,0
449,8,2,14,0,1615292121,False,IN_SERVICE,1,1,1,8,0
2,2,1,16,0,1615293861,False,IN_SERVICE,1,1,1,2,0
3,4,0,16,0,1615294065,False,IN_SERVICE,1,1,1,4,0
4,4,1,15,0,1615293976,False,IN_SERVICE,1,1,1,4,0
5,26,0,15,1,1615293934,False,IN_SERVICE,1,1,1,26,0
6,1,0,19,0,1615293955,False,IN_SERVICE,1,1,1,1,0
7,1,0,15,0,1615294003,False,IN_SERVICE,1,1,1,1,0
8,1,3,19,0,1615293858,False,IN_SERVICE,1,1,1,1,0
9,4,1,19,0,1615294091,False,IN_SERVICE,1,1,1,4,0
12,3,0,13,0,1615294060,False,IN_SERVICE,1,1,1,3,0
13,0,0,30,0,1615293892,False,IN_SERVICE,1,1,1,0,0
14,16,0,13,0,1615293905,False,IN_SERVICE,1,1,1,16,0
16,0,0,0,0,0,False,END_OF_LIFE,1,0,0,0,0
17,1,2,17,0,1615293850,False,IN_SERVICE,1,1,1,1,0
18,0,0,0,0,0,False,END_OF_LIFE,1,0,0,0,0
20,4,0,16,0,1615293914,False,IN_SERVICE,1,1,1,4,0
21,12,2,10,0,1615293996,False,IN_SERVICE,1,1,1,12,0
22,3,0,17,0,1615293982,False,IN_SERVICE,1,1,1,3,0
23,5,1,5,0,1615293980,False,IN_SERVICE,1,1,1,5,0
24,1,0,17,0,1615293953,False,IN_SERVICE,1,1,1,1,0
25,12,2,10,0,1615293850,False,IN_SERVICE,1,1,1,12,0
26,4,0,20,0,1615294083,False,IN_SERVICE,1,1,1,4,0
27,2,0,14,0,1615293909,False,IN_SERVICE,1,1,1,2,0
29,3,1,25,0,1615293860,False,IN_SERVICE,1,1,1,3,0
30,1,0,19,0,1615293891,False,IN_SERVICE,1,1,1,1,0
32,6,1,9,0,1615293900,False,IN_SERVICE,1,1,1,6,0
33,2,1,17,0,1615294080,False,IN_SERVICE,1,1,1,2,0
34,0,0,0,0,0,False,END_OF_LIFE,1,0,0,0,0
35,4,0,15,0,1615294035,False,IN_SERVICE,1,1,1,4,0
38,1,0,19,0,1615293859,False,IN_SERVICE,1,1,1,1,0
41,7,1,11,0,1615294077,False,IN_SERVICE,1,1,1,7,0
42,1,0,17,0,1615293905,False,IN_SERVICE,1,1,1,1,0
43,14,0,6,0,1615293785,False,IN_SERVICE,1,1,1,14,0
44,3,0,17,0,1615294084,False,IN_SERVICE,1,1,1,3,0
45,2,1,17,0,1615293864,False,IN_SERVICE,1,1,1,2,0
46,2,1,15,0,1615293864,False,IN_SERVICE,1,1,1,2,0
48,5,0,11,0,1615294047,False,IN_SERVICE,1,1,1,5,0
50,2,0,18,0,1615294073,False,IN_SERVICE,1,1,1,2,0
51,2,0,10,0,1615293985,False,IN_SERVICE,1,1,1,2,0
54,4,3,13,0,1615293983,False,IN_SERVICE,1,1,1,4,0
56,12,0,4,0,1615294050,False,IN_SERVICE,1,1,1,12,0
58,3,0,17,0,1615293907,False,IN_SERVICE,1,1,1,3,0
59,0,0,20,0,1615294079,False,IN_SERVICE,1,1,1,0,0
60,7,0,13,0,1615294025,False,IN_SERVICE,1,1,1,7,0
63,2,1,17,0,1615293851,False,IN_SERVICE,1,1,1,2,0
64,1,0,19,0,1615293902,False,IN_SERVICE,1,1,1,1,0
65,1,0,19,0,1615294024,False,IN_SERVICE,1,1,1,1,0
66,0,2,18,0,1615293883,False,IN_SERVICE,1,1,1,0,0
67,0,0,0,0,0,False,END_OF_LIFE,1,0,0,0,0
69,6,0,10,0,1615293842,False,IN_SERVICE,1,1,1,6,0
70,0,2,18,0,1615293883,False,IN_SERVICE,1,1,1,0,0
71,8,0,22,0,1615293921,False,IN_SERVICE,1,1,1,8,0
73,2,0,14,0,1615293867,False,IN_SERVICE,1,1,1,2,0
74,5,2,23,1,1615293938,False,IN_SERVICE,1,1,1,5,0
75,0,0,19,0,1615293869,False,IN_SERVICE,1,1,1,0,0
76,2,0,18,0,1615294002,False,IN_SERVICE,1,1,1,2,0
79,0,0,30,0,1615293941,False,IN_SERVICE,1,1,1,0,0
80,1,0,15,0,1615293968,False,IN_SERVICE,1,1,1,1,0
81,0,0,0,0,0,False,END_OF_LIFE,1,0,0,0,0
82,1,1,18,0,1615294019,False,IN_SERVICE,1,1,1,1,0
83,4,0,15,0,1615294085,False,IN_SERVICE,1,1,1,4,0
84,1,1,18,0,1615293909,False,IN_SERVICE,1,1,1,1,0
85,3,0,17,0,1615293943,False,IN_SERVICE,1,1,1,3,0
86,0,2,18,0,1615294030,False,IN_SERVICE,1,1,1,0,0
87,2,0,13,0,1615293926,False,IN_SERVICE,1,1,1,2,0
89,1,0,17,0,1615293863,False,IN_SERVICE,1,1,1,1,0
91,0,0,20,0,1615293920,False,IN_SERVICE,1,1,1,0,0
92,18,1,1,0,1615294057,False,IN_SERVICE,1,1,1,18,0
93,2,4,13,0,1615293971,False,IN_SERVICE,1,1,1,2,0
94,15,1,14,0,1615293981,False,IN_SERVICE,1,1,1,15,0
95,4,0,12,0,1615294067,False,IN_SERVICE,1,1,1,4,0
96,1,2,17,0,1615294092,False,IN_SERVICE,1,1,1,1,0
98,11,0,5,0,1615293991,False,IN_SERVICE,1,1,1,11,0
99,11,0,9,0,1615293968,False,IN_SERVICE,1,1,1,11,0
100,0,0,0,0,0,False,END_OF_LIFE,1,0,0,0,0
101,2,0,17,0,1615294033,False,IN_SERVICE,1,1,1,2,0
103,0,0,0,0,0,False,END_OF_LIFE,1,0,0,0,0
104,0,1,29,0,1615294097,False,IN_SERVICE,1,1,1,0,0
107,8,0,8,0,1615294021,False,IN_SERVICE,1,1,1,8,0
111,0,0,30,0,1615294061,False,IN_SERVICE,1,1,1,0,0
112,2,0,18,0,1615294046,False,IN_SERVICE,1,1,1,2,0
114,1,0,19,0,1615293951,False,IN_SERVICE,1,1,1,1,0
116,3,0,9,0,1615294022,False,IN_SERVICE,1,1,1,3,0
117,1,1,14,0,1615293872,False,IN_SERVICE,1,1,1,1,0
118,0,0,20,0,1615294028,False,IN_SERVICE,1,1,1,0,0
120,3,1,16,0,1615293949,False,IN_SERVICE,1,1,1,3,0
121,3,3,13,0,1615294083,False,IN_SERVICE,1,1,1,3,0
124,5,0,13,0,1615293845,False,IN_SERVICE,1,1,1,5,0
126,15,1,0,0,1615293946,False,IN_SERVICE,1,1,1,15,0
128,4,0,16,0,1615293853,False,IN_SERVICE,1,1,1,4,0
130,4,0,36,0,1615293837,False,IN_SERVICE,1,1,1,4,0
131,1,1,14,0,1615294007,False,IN_SERVICE,1,1,1,1,0
132,12,0,0,0,1615293845,False,IN_SERVICE,1,1,1,12,0
134,5,3,12,0,1615293873,False,IN_SERVICE,1,1,1,5,0
135,6,0,14,0,1615294022,False,IN_SERVICE,1,1,1,6,0
137,2,0,18,0,1615294061,False,IN_SERVICE,1,1,1,2,0
138,3,0,9,0,1615294031,False,IN_SERVICE,1,1,1,3,0
144,4,0,16,0,1615293927,False,IN_SERVICE,1,1,1,4,0
146,1,3,16,0,1615293947,False,IN_SERVICE,1,1,1,1,0
147,0,0,0,0,0,False,END_OF_LIFE,1,0,0,0,0
149,1,0,15,0,1615293881,False,IN_SERVICE,1,1,1,1,0
150,5,0,25,0,1615293840,False,IN_SERVICE,1,1,1,5,0
151,10,0,14,0,1615293896,False,IN_SERVICE,1,1,1,10,0
152,3,0,17,0,1615293879,False,IN_SERVICE,1,1,1,3,0
153,6,0,10,0,1615293889,False,IN_SERVICE,1,1,1,6,0
155,15,3,1,0,1615294062,False,IN_SERVICE,1,1,1,15,0
156,12,2,6,0,1615294042,False,IN_SERVICE,1,1,1,12,0
158,13,0,7,0,1615293876,False,IN_SERVICE,1,1,1,13,0
161,1,0,19,0,1615294095,False,IN_SERVICE,1,1,1,1,0
162,0,0,20,0,1615293840,False,IN_SERVICE,1,1,1,0,0
163,0,0,30,0,1615294064,False,IN_SERVICE,1,1,1,0,0
164,5,0,15,0,1615293974,False,IN_SERVICE,1,1,1,5,0
165,2,2,8,0,1615293944,False,IN_SERVICE,1,1,1,2,0
166,1,0,19,0,1615293886,False,IN_SERVICE,1,1,1,1,0
167,13,2,1,0,1615293877,False,IN_SERVICE,1,1,1,13,0
168,0,0,16,0,1615293970,False,IN_SERVICE,1,1,1,0,0
171,2,0,17,0,1615293999,False,IN_SERVICE,1,1,1,2,0
172,0,1,15,0,1615293910,False,IN_SERVICE,1,1,1,0,0
174,1,0,19,0,1615294094,False,IN_SERVICE,1,1,1,1,0
175,1,2,32,0,1615294012,False,IN_SERVICE,1,1,1,1,0
179,12,1,0,0,1615294098,False,IN_SERVICE,1,1,1,12,0
181,2,1,17,0,1615293974,False,IN_SERVICE,1,1,1,2,0
182,2,0,18,0,1615293894,False,IN_SERVICE,1,1,1,2,0
183,1,2,17,0,1615294043,False,IN_SERVICE,1,1,1,1,0
184,5,0,15,0,1615294091,False,IN_SERVICE,1,1,1,5,0
186,0,0,20,0,1615293932,False,IN_SERVICE,1,1,1,0,0
187,3,0,13,0,1615293958,False,IN_SERVICE,1,1,1,3,0
188,2,1,13,1,1615293950,False,IN_SERVICE,1,1,1,2,0
189,2,0,18,0,1615293954,False,IN_SERVICE,1,1,1,2,0
190,3,0,17,0,1615294013,False,IN_SERVICE,1,1,1,3,0
191,2,0,14,0,1615293891,False,IN_SERVICE,1,1,1,2,0
193,0,0,20,0,1615293854,False,IN_SERVICE,1,1,1,0,0
194,1,0,15,0,1615294062,False,IN_SERVICE,1,1,1,1,0
196,8,1,11,0,1615293909,False,IN_SERVICE,1,1,1,8,0
197,4,0,16,0,1615294026,False,IN_SERVICE,1,1,1,4,0
199,1,6,12,2,1615293868,False,IN_SERVICE,1,1,1,1,0
200,2,0,18,0,1615293909,False,IN_SERVICE,1,1,1,2,0
202,6,0,24,0,1615294015,False,IN_SERVICE,1,1,1,6,0
203,4,0,20,0,1615294005,False,IN_SERVICE,1,1,1,4,0
204,3,3,18,0,1615293911,False,IN_SERVICE,1,1,1,3,0
205,3,1,12,0,1615294002,False,IN_SERVICE,1,1,1,3,0
206,11,0,5,0,1615293961,False,IN_SERVICE,1,1,1,11,0
207,5,0,14,0,1615294019,False,IN_SERVICE,1,1,1,5,0
210,5,0,14,0,1615294072,False,IN_SERVICE,1,1,1,5,0
212,6,0,14,0,1615293966,False,IN_SERVICE,1,1,1,6,0
213,4,0,15,0,1615294074,False,IN_SERVICE,1,1,1,4,0
214,0,0,15,0,1615293858,False,IN_SERVICE,1,1,1,0,0
215,5,0,14,0,1615293849,False,IN_SERVICE,1,1,1,5,0
216,0,0,19,0,1615294092,False,IN_SERVICE,1,1,1,0,0
220,15,1,0,0,1615293912,False,IN_SERVICE,1,1,1,15,0
222,5,1,14,0,1615294003,False,IN_SERVICE,1,1,1,5,0
223,1,0,14,0,1615294039,False,IN_SERVICE,1,1,1,1,0
227,8,3,9,0,1615293952,False,IN_SERVICE,1,1,1,8,0
229,4,0,8,0,1615293951,False,IN_SERVICE,1,1,1,4,0
231,15,0,1,0,1615294088,False,IN_SERVICE,1,1,1,15,0
235,1,0,23,0,1615294026,False,IN_SERVICE,1,1,1,1,0
236,2,0,14,0,1615294041,False,IN_SERVICE,1,1,1,2,0
239,7,0,13,0,1615293939,False,IN_SERVICE,1,1,1,7,0
241,0,0,12,0,1615293860,False,IN_SERVICE,1,1,1,0,0
242,5,0,15,0,1615294044,False,IN_SERVICE,1,1,1,5,0
243,0,0,0,0,0,False,END_OF_LIFE,1,0,0,0,0
247,4,0,14,0,1615293850,False,IN_SERVICE,1,1,1,4,0
248,2,0,18,0,1615293896,False,IN_SERVICE,1,1,1,2,0
252,11,2,3,0,1615293853,False,IN_SERVICE,1,1,1,11,0
254,8,0,8,0,1615293890,False,IN_SERVICE,1,1,1,8,0
255,1,0,13,0,1615294010,False,IN_SERVICE,1,1,1,1,0
257,1,0,23,0,1615293996,False,IN_SERVICE,1,1,1,1,0
258,1,0,15,0,1615294047,False,IN_SERVICE,1,1,1,1,0
261,2,0,14,0,1615294089,False,IN_SERVICE,1,1,1,2,0
262,14,1,1,0,1615293850,False,IN_SERVICE,1,1,1,14,0
263,0,0,12,0,1615294070,False,IN_SERVICE,1,1,1,0,0
265,0,0,16,0,1615294096,False,IN_SERVICE,1,1,1,0,0
268,0,0,27,0,1615293936,False,IN_SERVICE,1,1,1,0,0
269,2,0,16,0,1615293985,False,IN_SERVICE,1,1,1,2,0
271,10,0,10,0,1615293928,False,IN_SERVICE,1,1,1,10,0
273,4,2,9,1,1615294061,False,IN_SERVICE,1,1,1,4,0
275,8,0,12,0,1615294050,False,IN_SERVICE,1,1,1,8,0
277,5,1,6,0,1615294055,False,IN_SERVICE,1,1,1,5,0
278,7,1,7,0,1615293870,False,IN_SERVICE,1,1,1,7,0
280,14,2,8,0,1615293907,False,IN_SERVICE,1,1,1,14,0
281,11,0,13,0,1615293851,False,IN_SERVICE,1,1,1,11,0
284,8,2,10,0,1615293934,False,IN_SERVICE,1,1,1,8,0
289,9,0,15,0,1615294050,False,IN_SERVICE,1,1,1,9,0
291,6,0,10,0,1615293842,False,IN_SERVICE,1,1,1,6,0
299,3,0,16,0,1615293982,False,IN_SERVICE,1,1,1,3,0
301,0,0,20,0,1615293907,False,IN_SERVICE,1,1,1,0,0
302,6,1,9,0,1615294028,False,IN_SERVICE,1,1,1,6,0
304,0,0,16,0,1615293898,False,IN_SERVICE,1,0,1,0,0
308,6,0,14,0,1615294005,False,IN_SERVICE,1,1,1,6,0
311,1,0,18,0,1615294075,False,IN_SERVICE,1,1,1,1,0
315,0,0,0,0,0,False,END_OF_LIFE,1,0,0,0,0
316,15,0,1,0,1615294047,False,IN_SERVICE,1,1,1,15,0
318,19,0,0,0,1615293893,False,IN_SERVICE,1,1,1,19,0
322,11,0,8,0,1615294000,False,IN_SERVICE,1,1,1,11,0
323,2,2,20,0,1615294076,False,IN_SERVICE,1,1,1,2,0
329,2,0,18,0,1615294086,False,IN_SERVICE,1,1,1,2,0
331,0,0,0,0,0,False,END_OF_LIFE,1,0,0,0,0
333,0,0,20,0,1615294075,False,IN_SERVICE,1,1,1,0,0
334,0,0,0,0,0,False,END_OF_LIFE,1,0,0,0,0
335,15,0,5,0,1615293952,False,IN_SERVICE,1,1,1,15,0
336,0,0,28,0,1615294050,False,IN_SERVICE,1,0,1,0,0
344,0,0,0,0,0,False,END_OF_LIFE,1,0,0,0,0
346,0,0,0,0,0,False,END_OF_LIFE,1,0,0,0,0
353,2,0,18,0,1615293958,False,IN_SERVICE,1,1,1,2,0
355,2,0,14,0,1615294016,False,IN_SERVICE,1,1,1,2,0
357,0,0,0,0,0,False,END_OF_LIFE,1,0,0,0,0
358,9,0,2,0,1615293967,False,IN_SERVICE,1,1,1,9,0
359,6,1,13,0,1615294021,False,IN_SERVICE,1,1,1,6,0
360,0,0,0,0,0,False,END_OF_LIFE,1,0,0,0,0
361,2,0,18,0,1615294090,False,IN_SERVICE,1,1,1,2,0
363,1,0,15,1,1615293957,False,IN_SERVICE,1,1,1,1,0
364,3,1,20,0,1615293960,False,IN_SERVICE,1,1,1,3,0
365,0,0,0,0,0,False,END_OF_LIFE,1,0,0,0,0
368,0,0,12,1,1615294033,False,IN_SERVICE,1,1,1,0,0
376,10,0,10,0,1615293936,False,IN_SERVICE,1,1,1,10,0
387,15,0,1,0,1615294033,False,IN_SERVICE,1,1,1,15,0
392,5,0,11,0,1615293950,False,IN_SERVICE,1,1,1,5,0
407,0,0,28,0,1615293852,False,IN_SERVICE,1,1,1,0,0
416,0,1,27,0,1615293893,False,IN_SERVICE,1,1,1,0,0
424,14,0,2,0,1615293924,False,IN_SERVICE,1,1,1,14,0
426,4,1,14,0,1615293924,False,IN_SERVICE,1,1,1,4,0
432,3,0,17,0,1615293964,False,IN_SERVICE,1,1,1,3,0
433,14,0,6,0,1615294095,False,IN_SERVICE,1,1,1,14,0
435,14,2,0,0,1615293865,False,IN_SERVICE,1,1,1,14,0
441,6,0,14,0,1615293983,False,IN_SERVICE,1,1,1,6,0
444,6,0,18,0,1615293948,False,IN_SERVICE,1,1,1,6,0
448,2,1,21,0,1615293913,False,IN_SERVICE,1,1,1,2,0
449,7,2,15,0,1615293944,False,IN_SERVICE,1,1,1,7,0
2,0,1,18,0,1615295944,False,IN_SERVICE,1,1,1,0,0
3,6,0,14,0,1615295888,False,IN_SERVICE,1,1,1,6,0
4,5,1,14,0,1615295800,False,IN_SERVICE,1,1,1,5,0
5,26,0,15,1,1615295858,False,IN_SERVICE,1,1,1,26,0
6,3,0,17,0,1615295779,False,IN_SERVICE,1,1,1,3,0
7,2,0,14,0,1615295831,False,IN_SERVICE,1,1,1,2,0
8,0,3,21,0,1615295941,False,IN_SERVICE,1,1,1,0,0
9,4,0,19,0,1615295716,False,IN_SERVICE,1,1,1,4,0
12,2,1,13,0,1615295887,False,IN_SERVICE,1,1,1,2,0
13,1,0,29,0,1615295743,False,IN_SERVICE,1,1,1,1,0
14,9,0,21,0,1615295817,False,IN_SERVICE,1,1,1,9,0
16,0,0,0,0,0,False,END_OF_LIFE,1,0,0,0,0
17,0,2,18,0,1615295940,False,IN_SERVICE,1,1,1,0,0
18,0,0,0,0,0,False,END_OF_LIFE,1,0,0,0,0
20,1,0,19,0,1615295737,False,IN_SERVICE,1,1,1,1,0
21,11,2,11,0,1615295819,False,IN_SERVICE,1,1,1,11,0
22,4,0,15,0,1615295815,False,IN_SERVICE,1,1,1,4,0
23,4,1,6,0,1615295802,False,IN_SERVICE,1,1,1,4,0
24,0,0,18,0,1615295775,False,IN_SERVICE,1,1,1,0,0
25,9,0,15,0,1615295756,False,IN_SERVICE,1,1,1,9,0
26,4,0,20,0,1615295909,False,IN_SERVICE,1,1,1,4,0
27,1,1,14,0,1615295730,False,IN_SERVICE,1,1,1,1,0
29,2,1,25,0,1615295948,False,IN_SERVICE,1,1,1,2,0
30,0,0,20,0,1615295715,False,IN_SERVICE,1,1,1,0,0
32,7,1,8,0,1615295722,False,IN_SERVICE,1,1,1,7,0
33,5,1,14,0,1615295910,False,IN_SERVICE,1,1,1,5,0
34,0,0,0,0,0,False,END_OF_LIFE,1,0,0,0,0
35,5,0,14,0,1615295859,False,IN_SERVICE,1,1,1,5,0
38,2,0,18,0,1615295949,False,IN_SERVICE,1,1,1,2,0
41,7,1,11,0,1615295907,False,IN_SERVICE,1,1,1,7,0
42,2,0,16,0,1615295731,False,IN_SERVICE,1,1,1,2,0
43,13,0,7,0,1615295874,False,IN_SERVICE,1,1,1,13,0
44,3,0,17,0,1615295706,False,IN_SERVICE,1,1,1,3,0
45,1,1,18,0,1615295946,False,IN_SERVICE,1,1,1,1,0
46,4,1,13,0,1615295948,False,IN_SERVICE,1,1,1,4,0
48,7,0,9,0,1615295869,False,IN_SERVICE,1,1,1,7,0
50,1,0,19,0,1615295739,False,IN_SERVICE,1,1,1,1,0
51,3,0,9,0,1615295815,False,IN_SERVICE,1,1,1,3,0
54,4,3,13,0,1615295805,False,IN_SERVICE,1,1,1,4,0
56,13,0,3,0,1615295883,False,IN_SERVICE,1,1,1,13,0
58,3,0,17,0,1615295835,False,IN_SERVICE,1,1,1,3,0
59,1,0,19,0,1615295905,False,IN_SERVICE,1,1,1,1,0
60,11,0,8,0,1615295846,False,IN_SERVICE,1,1,1,11,0
63,3,1,16,0,1615295944,False,IN_SERVICE,1,1,1,3,0
64,0,0,20,0,1615295803,False,IN_SERVICE,1,1,1,0,0
65,3,0,17,0,1615295851,False,IN_SERVICE,1,1,1,3,0
66,1,2,17,0,1615295805,False,IN_SERVICE,1,1,1,1,0
67,0,0,0,0,0,False,END_OF_LIFE,1,0,0,0,0
69,2,0,14,0,1615295915,False,IN_SERVICE,1,1,1,2,0
70,0,2,18,0,1615295710,False,IN_SERVICE,1,1,1,0,0
71,6,0,24,0,1615295749,False,IN_SERVICE,1,1,1,6,0
73,3,0,13,0,1615295962,False,IN_SERVICE,1,1,1,3,0
74,5,3,22,1,1615295767,False,IN_SERVICE,1,1,1,5,0
75,1,0,18,0,1615295955,False,IN_SERVICE,1,1,1,1,0
76,4,0,16,0,1615295825,False,IN_SERVICE,1,1,1,4,0
79,3,0,27,0,1615295779,False,IN_SERVICE,1,1,1,3,0
80,4,0,12,0,1615295790,False,IN_SERVICE,1,1,1,4,0
81,0,0,0,0,0,False,END_OF_LIFE,1,0,0,0,0
82,0,1,19,0,1615295843,False,IN_SERVICE,1,1,1,0,0
83,3,0,16,0,1615295905,False,IN_SERVICE,1,1,1,3,0
84,2,1,17,0,1615295730,False,IN_SERVICE,1,1,1,2,0
85,3,0,17,0,1615295848,False,IN_SERVICE,1,1,1,3,0
86,1,2,17,0,1615295853,False,IN_SERVICE,1,1,1,1,0
87,1,0,14,0,1615295830,False,IN_SERVICE,1,1,1,1,0
89,3,0,15,0,1615295948,False,IN_SERVICE,1,1,1,3,0
91,0,0,20,0,1615295745,False,IN_SERVICE,1,1,1,0,0
92,17,1,2,0,1615295881,False,IN_SERVICE,1,1,1,17,0
93,0,4,15,0,1615295802,False,IN_SERVICE,1,1,1,0,0
94,16,1,13,0,1615295810,False,IN_SERVICE,1,1,1,16,0
95,8,0,8,0,1615295889,False,IN_SERVICE,1,1,1,8,0
96,3,2,15,0,1615295934,False,IN_SERVICE,1,1,1,3,0
98,10,0,6,0,1615295813,False,IN_SERVICE,1,1,1,10,0
99,7,0,12,0,1615295795,False,IN_SERVICE,1,1,1,7,0
100,0,0,0,0,0,False,END_OF_LIFE,1,0,0,0,0
101,4,0,15,0,1615295858,False,IN_SERVICE,1,1,1,4,0
103,0,0,0,0,0,False,END_OF_LIFE,1,0,0,0,0
104,15,1,14,0,1615295926,False,IN_SERVICE,1,1,1,15,0
107,8,0,8,0,1615295849,False,IN_SERVICE,1,1,1,8,0
111,1,0,29,0,1615295881,False,IN_SERVICE,1,1,1,1,0
112,2,0,18,0,1615295875,False,IN_SERVICE,1,1,1,2,0
114,2,0,17,0,1615295776,False,IN_SERVICE,1,1,1,2,0
116,1,0,11,0,1615295928,False,IN_SERVICE,1,1,1,1,0
117,1,1,14,0,1615295953,False,IN_SERVICE,1,1,1,1,0
118,0,0,20,0,1615295851,False,IN_SERVICE,1,1,1,0,0
120,0,1,19,0,1615295774,False,IN_SERVICE,1,1,1,0,0
121,0,3,16,0,1615295907,False,IN_SERVICE,1,1,1,0,0
124,6,0,12,0,1615295930,False,IN_SERVICE,1,1,1,6,0
126,14,1,1,0,1615295776,False,IN_SERVICE,1,1,1,14,0
128,5,0,15,0,1615295933,False,IN_SERVICE,1,1,1,5,0
130,0,0,40,0,1615295916,False,IN_SERVICE,1,1,1,0,0
131,0,1,15,0,1615295842,False,IN_SERVICE,1,1,1,0,0
132,11,1,0,0,1615295931,False,IN_SERVICE,1,1,1,11,0
134,1,3,16,0,1615295704,False,IN_SERVICE,1,1,1,1,0
135,3,0,17,0,1615295845,False,IN_SERVICE,1,1,1,3,0
137,3,0,17,0,1615295885,False,IN_SERVICE,1,1,1,3,0
138,3,0,9,0,1615295865,False,IN_SERVICE,1,1,1,3,0
144,5,0,15,0,1615295748,False,IN_SERVICE,1,1,1,5,0
146,0,3,17,0,1615295767,False,IN_SERVICE,1,1,1,0,0
147,0,0,0,0,0,False,END_OF_LIFE,1,0,0,0,0
149,0,0,16,0,1615295707,False,IN_SERVICE,1,1,1,0,0
150,3,0,27,0,1615295921,False,IN_SERVICE,1,1,1,3,0
151,10,0,14,0,1615295718,False,IN_SERVICE,1,1,1,10,0
152,5,0,15,0,1615295709,False,IN_SERVICE,1,1,1,5,0
153,6,0,10,0,1615295711,False,IN_SERVICE,1,1,1,6,0
155,13,3,3,0,1615295897,False,IN_SERVICE,1,1,1,13,0
156,14,2,4,0,1615295865,False,IN_SERVICE,1,1,1,14,0
158,12,0,8,0,1615295701,False,IN_SERVICE,1,1,1,12,0
161,1,0,19,0,1615295919,False,IN_SERVICE,1,1,1,1,0
162,0,0,20,0,1615295923,False,IN_SERVICE,1,1,1,0,0
163,1,0,29,0,1615295903,False,IN_SERVICE,1,1,1,1,0
164,5,0,15,0,1615295796,False,IN_SERVICE,1,1,1,5,0
165,1,2,9,0,1615295772,False,IN_SERVICE,1,1,1,1,0
166,0,0,20,0,1615295798,False,IN_SERVICE,1,1,1,0,0
167,12,2,2,0,1615295703,False,IN_SERVICE,1,1,1,12,0
168,1,0,15,0,1615295802,False,IN_SERVICE,1,1,1,1,0
171,1,0,19,0,1615295828,False,IN_SERVICE,1,1,1,1,0
172,2,1,13,0,1615295740,False,IN_SERVICE,1,1,1,2,0
174,0,0,20,0,1615295924,False,IN_SERVICE,1,1,1,0,0
175,0,2,32,0,1615295838,False,IN_SERVICE,1,1,1,0,0
179,12,1,0,0,1615295919,False,IN_SERVICE,1,1,1,12,0
181,0,1,19,0,1615295890,False,IN_SERVICE,1,1,1,0,0
182,1,0,19,0,1615295808,False,IN_SERVICE,1,1,1,1,0
183,1,2,17,0,1615295863,False,IN_SERVICE,1,1,1,1,0
184,5,0,15,0,1615295916,False,IN_SERVICE,1,1,1,5,0
186,2,0,18,0,1615295761,False,IN_SERVICE,1,1,1,2,0
187,3,0,13,0,1615295787,False,IN_SERVICE,1,1,1,3,0
188,2,1,13,1,1615295773,False,IN_SERVICE,1,1,1,2,0
189,5,0,15,0,1615295868,False,IN_SERVICE,1,1,1,5,0
190,1,0,19,0,1615295919,False,IN_SERVICE,1,1,1,1,0
191,3,0,13,0,1615295713,False,IN_SERVICE,1,1,1,3,0
193,0,0,20,0,1615295939,False,IN_SERVICE,1,1,1,0,0
194,1,0,15,0,1615295886,False,IN_SERVICE,1,1,1,1,0
196,7,1,12,0,1615295729,False,IN_SERVICE,1,1,1,7,0
197,1,0,19,0,1615295849,False,IN_SERVICE,1,1,1,1,0
199,3,6,10,2,1615295956,False,IN_SERVICE,1,1,1,3,0
200,1,0,19,0,1615295733,False,IN_SERVICE,1,1,1,1,0
202,3,0,27,0,1615295839,False,IN_SERVICE,1,1,1,3,0
203,4,0,20,0,1615295829,False,IN_SERVICE,1,1,1,4,0
204,1,3,20,0,1615295735,False,IN_SERVICE,1,1,1,1,0
205,5,0,11,0,1615295824,False,IN_SERVICE,1,1,1,5,0
206,12,0,4,0,1615295784,False,IN_SERVICE,1,1,1,12,0
207,5,0,14,0,1615295837,False,IN_SERVICE,1,1,1,5,0
210,6,0,13,0,1615295890,False,IN_SERVICE,1,1,1,6,0
212,3,0,16,0,1615295792,False,IN_SERVICE,1,1,1,3,0
213,5,0,14,0,1615295899,False,IN_SERVICE,1,1,1,5,0
214,0,0,16,0,1615295758,False,IN_SERVICE,1,1,1,0,0
215,3,0,16,0,1615295933,False,IN_SERVICE,1,1,1,3,0
216,1,0,18,0,1615295734,False,IN_SERVICE,1,1,1,1,0
220,15,1,0,0,1615295815,False,IN_SERVICE,1,1,1,15,0
222,5,1,14,0,1615295827,False,IN_SERVICE,1,1,1,5,0
223,1,0,14,0,1615295869,False,IN_SERVICE,1,1,1,1,0
227,7,3,10,0,1615295776,False,IN_SERVICE,1,1,1,7,0
229,4,1,7,0,1615295781,False,IN_SERVICE,1,1,1,4,0
231,14,0,2,0,1615295908,False,IN_SERVICE,1,1,1,14,0
235,1,0,23,0,1615295856,False,IN_SERVICE,1,1,1,1,0
236,2,0,14,0,1615295871,False,IN_SERVICE,1,1,1,2,0
239,7,0,13,0,1615295772,False,IN_SERVICE,1,1,1,7,0
241,0,0,12,0,1615295768,False,IN_SERVICE,1,1,1,0,0
242,8,0,12,0,1615295864,False,IN_SERVICE,1,1,1,8,0
243,0,0,0,0,0,False,END_OF_LIFE,1,0,0,0,0
247,2,0,16,0,1615295942,False,IN_SERVICE,1,1,1,2,0
248,3,0,17,0,1615295736,False,IN_SERVICE,1,1,1,3,0
252,9,2,5,0,1615295941,False,IN_SERVICE,1,1,1,9,0
254,9,0,7,0,1615295715,False,IN_SERVICE,1,1,1,9,0
255,2,0,12,0,1615295842,False,IN_SERVICE,1,1,1,2,0
257,1,0,23,0,1615295832,False,IN_SERVICE,1,1,1,1,0
258,1,0,15,0,1615295867,False,IN_SERVICE,1,1,1,1,0
261,1,0,15,0,1615295911,False,IN_SERVICE,1,1,1,1,0
262,13,1,2,0,1615295937,False,IN_SERVICE,1,1,1,13,0
263,0,0,12,0,1615295891,False,IN_SERVICE,1,1,1,0,0
265,0,0,16,0,1615295727,False,IN_SERVICE,1,1,1,0,0
268,1,0,26,0,1615295764,False,IN_SERVICE,1,1,1,1,0
269,2,0,16,0,1615295811,False,IN_SERVICE,1,1,1,2,0
271,12,0,8,0,1615295754,False,IN_SERVICE,1,1,1,12,0
273,6,2,7,1,1615295903,False,IN_SERVICE,1,1,1,6,0
275,6,0,14,0,1615295875,False,IN_SERVICE,1,1,1,6,0
277,5,1,6,0,1615295888,False,IN_SERVICE,1,1,1,5,0
278,9,1,5,0,1615295955,False,IN_SERVICE,1,1,1,9,0
280,12,2,9,0,1615295729,False,IN_SERVICE,1,1,1,12,0
281,9,0,15,0,1615295940,False,IN_SERVICE,1,1,1,9,0
284,9,2,9,0,1615295757,False,IN_SERVICE,1,1,1,9,0
289,10,0,14,0,1615295880,False,IN_SERVICE,1,1,1,10,0
291,4,1,11,0,1615295928,False,IN_SERVICE,1,1,1,4,0
299,3,0,16,0,1615295801,False,IN_SERVICE,1,1,1,3,0
301,0,0,20,0,1615295733,False,IN_SERVICE,1,1,1,0,0
302,7,1,8,0,1615295860,False,IN_SERVICE,1,1,1,7,0
304,0,0,16,0,1615295830,False,IN_SERVICE,1,0,1,0,0
308,8,0,12,0,1615295830,False,IN_SERVICE,1,1,1,8,0
311,0,0,19,0,1615295695,False,IN_SERVICE,1,1,1,0,0
315,0,0,0,0,0,False,END_OF_LIFE,1,0,0,0,0
316,15,0,1,0,1615295872,False,IN_SERVICE,1,1,1,15,0
318,18,0,1,0,1615295803,False,IN_SERVICE,1,1,1,18,0
322,12,1,7,0,1615295836,False,IN_SERVICE,1,1,1,12,0
323,0,2,22,0,1615295899,False,IN_SERVICE,1,1,1,0,0
329,2,0,18,0,1615295917,False,IN_SERVICE,1,1,1,2,0
331,0,0,0,0,0,False,END_OF_LIFE,1,0,0,0,0
333,0,0,20,0,1615295705,False,IN_SERVICE,1,1,1,0,0
334,0,0,0,0,0,False,END_OF_LIFE,1,0,0,0,0
335,15,0,5,0,1615295775,False,IN_SERVICE,1,1,1,15,0
336,0,0,28,0,1615295877,False,IN_SERVICE,1,0,1,0,0
344,0,0,0,0,0,False,END_OF_LIFE,1,0,0,0,0
346,0,0,0,0,0,False,END_OF_LIFE,1,0,0,0,0
353,3,0,17,0,1615295802,False,IN_SERVICE,1,1,1,3,0
355,3,0,13,0,1615295946,False,IN_SERVICE,1,1,1,3,0
357,0,0,0,0,0,False,END_OF_LIFE,1,0,0,0,0
358,9,0,2,0,1615295794,False,IN_SERVICE,1,1,1,9,0
359,6,1,13,0,1615295846,False,IN_SERVICE,1,1,1,6,0
360,0,0,0,0,0,False,END_OF_LIFE,1,0,0,0,0
361,4,0,16,0,1615295924,False,IN_SERVICE,1,1,1,4,0
363,1,0,15,1,1615295781,False,IN_SERVICE,1,1,1,1,0
364,1,1,21,0,1615295782,False,IN_SERVICE,1,1,1,1,0
365,0,0,0,0,0,False,END_OF_LIFE,1,0,0,0,0
368,0,0,12,1,1615295854,False,IN_SERVICE,1,1,1,0,0
376,10,0,10,0,1615295763,False,IN_SERVICE,1,1,1,10,0
387,14,0,1,0,1615295860,False,IN_SERVICE,1,1,1,14,0
392,2,0,14,0,1615295775,False,IN_SERVICE,1,1,1,2,0
407,0,0,28,0,1615295952,False,IN_SERVICE,1,1,1,0,0
416,0,1,27,0,1615295722,False,IN_SERVICE,1,1,1,0,0
424,14,0,2,0,1615295746,False,IN_SERVICE,1,1,1,14,0
426,4,1,14,0,1615295838,False,IN_SERVICE,1,1,1,4,0
432,2,0,18,0,1615295785,False,IN_SERVICE,1,1,1,2,0
433,13,0,7,0,1615295922,False,IN_SERVICE,1,1,1,13,0
435,13,2,1,0,1615295796,False,IN_SERVICE,1,1,1,13,0
441,3,0,17,0,1615295803,False,IN_SERVICE,1,1,1,3,0
444,5,0,19,0,1615295768,False,IN_SERVICE,1,1,1,5,0
448,5,1,18,0,1615295742,False,IN_SERVICE,1,1,1,5,0
449,9,2,13,0,1615295773,False,IN_SERVICE,1,1,1,9,0
2,0,1,18,0,1615295944,False,IN_SERVICE,1,1,1,0,0
3,6,0,14,0,1615295888,False,IN_SERVICE,1,1,1,6,0
4,5,1,14,0,1615295800,False,IN_SERVICE,1,1,1,5,0
5,26,0,15,1,1615295858,False,IN_SERVICE,1,1,1,26,0
6,3,0,17,0,1615295779,False,IN_SERVICE,1,1,1,3,0
7,2,0,14,0,1615295831,False,IN_SERVICE,1,1,1,2,0
8,0,3,21,0,1615295941,False,IN_SERVICE,1,1,1,0,0
9,4,0,19,0,1615295716,False,IN_SERVICE,1,1,1,4,0
12,2,1,13,0,1615295887,False,IN_SERVICE,1,1,1,2,0
13,1,0,29,0,1615295743,False,IN_SERVICE,1,1,1,1,0
14,9,0,21,0,1615295817,False,IN_SERVICE,1,1,1,9,0
16,0,0,0,0,0,False,END_OF_LIFE,1,0,0,0,0
17,0,2,18,0,1615295940,False,IN_SERVICE,1,1,1,0,0
18,0,0,0,0,0,False,END_OF_LIFE,1,0,0,0,0
20,1,0,19,0,1615295737,False,IN_SERVICE,1,1,1,1,0
21,11,2,11,0,1615295819,False,IN_SERVICE,1,1,1,11,0
22,4,0,15,0,1615295815,False,IN_SERVICE,1,1,1,4,0
23,4,1,6,0,1615295802,False,IN_SERVICE,1,1,1,4,0
24,0,0,18,0,1615295775,False,IN_SERVICE,1,1,1,0,0
25,9,0,15,0,1615295756,False,IN_SERVICE,1,1,1,9,0
26,4,0,20,0,1615295909,False,IN_SERVICE,1,1,1,4,0
27,1,1,14,0,1615295730,False,IN_SERVICE,1,1,1,1,0
29,2,1,25,0,1615295948,False,IN_SERVICE,1,1,1,2,0
30,0,0,20,0,1615295715,False,IN_SERVICE,1,1,1,0,0
32,7,1,8,0,1615295722,False,IN_SERVICE,1,1,1,7,0
33,5,1,14,0,1615295910,False,IN_SERVICE,1,1,1,5,0
34,0,0,0,0,0,False,END_OF_LIFE,1,0,0,0,0
35,5,0,14,0,1615295859,False,IN_SERVICE,1,1,1,5,0
38,2,0,18,0,1615295687,False,IN_SERVICE,1,1,1,2,0
41,7,1,11,0,1615295907,False,IN_SERVICE,1,1,1,7,0
42,2,0,16,0,1615295731,False,IN_SERVICE,1,1,1,2,0
43,13,0,7,0,1615295874,False,IN_SERVICE,1,1,1,13,0
44,3,0,17,0,1615295706,False,IN_SERVICE,1,1,1,3,0
45,1,1,18,0,1615295946,False,IN_SERVICE,1,1,1,1,0
46,4,1,13,0,1615295948,False,IN_SERVICE,1,1,1,4,0
48,7,0,9,0,1615295869,False,IN_SERVICE,1,1,1,7,0
50,1,0,19,0,1615295739,False,IN_SERVICE,1,1,1,1,0
51,3,0,9,0,1615295815,False,IN_SERVICE,1,1,1,3,0
54,4,3,13,0,1615295805,False,IN_SERVICE,1,1,1,4,0
56,13,0,3,0,1615295883,False,IN_SERVICE,1,1,1,13,0
58,3,0,17,0,1615295835,False,IN_SERVICE,1,1,1,3,0
59,1,0,19,0,1615295905,False,IN_SERVICE,1,1,1,1,0
60,11,0,8,0,1615295846,False,IN_SERVICE,1,1,1,11,0
63,3,1,16,0,1615295944,False,IN_SERVICE,1,1,1,3,0
64,0,0,20,0,1615295803,False,IN_SERVICE,1,1,1,0,0
65,3,0,17,0,1615295851,False,IN_SERVICE,1,1,1,3,0
66,1,2,17,0,1615295805,False,IN_SERVICE,1,1,1,1,0
67,0,0,0,0,0,False,END_OF_LIFE,1,0,0,0,0
69,2,0,14,0,1615295915,False,IN_SERVICE,1,1,1,2,0
70,0,2,18,0,1615295710,False,IN_SERVICE,1,1,1,0,0
71,6,0,24,0,1615295749,False,IN_SERVICE,1,1,1,6,0
73,3,0,13,0,1615295700,False,IN_SERVICE,1,1,1,3,0
74,5,3,22,1,1615295767,False,IN_SERVICE,1,1,1,5,0
75,1,0,18,0,1615295694,False,IN_SERVICE,1,1,1,1,0
76,4,0,16,0,1615295825,False,IN_SERVICE,1,1,1,4,0
79,3,0,27,0,1615295779,False,IN_SERVICE,1,1,1,3,0
80,4,0,12,0,1615295790,False,IN_SERVICE,1,1,1,4,0
81,0,0,0,0,0,False,END_OF_LIFE,1,0,0,0,0
82,0,1,19,0,1615295843,False,IN_SERVICE,1,1,1,0,0
83,4,0,15,0,1615295905,False,IN_SERVICE,1,1,1,4,0
84,2,1,17,0,1615295730,False,IN_SERVICE,1,1,1,2,0
85,3,0,17,0,1615295848,False,IN_SERVICE,1,1,1,3,0
86,1,2,17,0,1615295853,False,IN_SERVICE,1,1,1,1,0
87,1,0,14,0,1615295830,False,IN_SERVICE,1,1,1,1,0
89,3,0,15,0,1615295948,False,IN_SERVICE,1,1,1,3,0
91,0,0,20,0,1615295745,False,IN_SERVICE,1,1,1,0,0
92,17,1,2,0,1615295881,False,IN_SERVICE,1,1,1,17,0
93,0,4,15,0,1615295802,False,IN_SERVICE,1,1,1,0,0
94,16,1,13,0,1615295810,False,IN_SERVICE,1,1,1,16,0
95,8,0,8,0,1615295889,False,IN_SERVICE,1,1,1,8,0
96,3,2,15,0,1615295934,False,IN_SERVICE,1,1,1,3,0
98,10,0,6,0,1615295813,False,IN_SERVICE,1,1,1,10,0
99,7,0,12,0,1615295795,False,IN_SERVICE,1,1,1,7,0
100,0,0,0,0,0,False,END_OF_LIFE,1,0,0,0,0
101,4,0,15,0,1615295858,False,IN_SERVICE,1,1,1,4,0
103,0,0,0,0,0,False,END_OF_LIFE,1,0,0,0,0
104,15,1,14,0,1615295926,False,IN_SERVICE,1,1,1,15,0
107,8,0,8,0,1615295849,False,IN_SERVICE,1,1,1,8,0
111,1,0,29,0,1615295881,False,IN_SERVICE,1,1,1,1,0
112,2,0,18,0,1615295875,False,IN_SERVICE,1,1,1,2,0
114,2,0,17,0,1615295776,False,IN_SERVICE,1,1,1,2,0
116,1,0,11,0,1615295928,False,IN_SERVICE,1,1,1,1,0
117,1,1,14,0,1615295692,False,IN_SERVICE,1,1,1,1,0
118,0,0,20,0,1615295851,False,IN_SERVICE,1,1,1,0,0
120,0,1,19,0,1615295774,False,IN_SERVICE,1,1,1,0,0
121,0,3,16,0,1615295907,False,IN_SERVICE,1,1,1,0,0
124,6,0,12,0,1615295930,False,IN_SERVICE,1,1,1,6,0
126,14,1,1,0,1615295776,False,IN_SERVICE,1,1,1,14,0
128,5,0,15,0,1615295933,False,IN_SERVICE,1,1,1,5,0
130,0,0,40,0,1615295916,False,IN_SERVICE,1,1,1,0,0
131,0,1,15,0,1615295842,False,IN_SERVICE,1,1,1,0,0
132,11,1,0,0,1615295931,False,IN_SERVICE,1,1,1,11,0
134,1,3,16,0,1615295704,False,IN_SERVICE,1,1,1,1,0
135,3,0,17,0,1615295845,False,IN_SERVICE,1,1,1,3,0
137,3,0,17,0,1615295885,False,IN_SERVICE,1,1,1,3,0
138,3,0,9,0,1615295865,False,IN_SERVICE,1,1,1,3,0
144,5,0,15,0,1615295748,False,IN_SERVICE,1,1,1,5,0
146,0,3,17,0,1615295767,False,IN_SERVICE,1,1,1,0,0
147,0,0,0,0,0,False,END_OF_LIFE,1,0,0,0,0
149,0,0,16,0,1615295707,False,IN_SERVICE,1,1,1,0,0
150,3,0,27,0,1615295921,False,IN_SERVICE,1,1,1,3,0
151,10,0,14,0,1615295718,False,IN_SERVICE,1,1,1,10,0
152,5,0,15,0,1615295709,False,IN_SERVICE,1,1,1,5,0
153,6,0,10,0,1615295711,False,IN_SERVICE,1,1,1,6,0
155,13,3,3,0,1615295897,False,IN_SERVICE,1,1,1,13,0
156,14,2,4,0,1615295865,False,IN_SERVICE,1,1,1,14,0
158,12,0,8,0,1615295701,False,IN_SERVICE,1,1,1,12,0
161,1,0,19,0,1615295919,False,IN_SERVICE,1,1,1,1,0
162,0,0,20,0,1615295923,False,IN_SERVICE,1,1,1,0,0
163,1,0,29,0,1615295903,False,IN_SERVICE,1,1,1,1,0
164,5,0,15,0,1615295796,False,IN_SERVICE,1,1,1,5,0
165,1,2,9,0,1615295772,False,IN_SERVICE,1,1,1,1,0
166,0,0,20,0,1615295798,False,IN_SERVICE,1,1,1,0,0
167,12,2,2,0,1615295703,False,IN_SERVICE,1,1,1,12,0
168,1,0,15,0,1615295802,False,IN_SERVICE,1,1,1,1,0
171,1,0,19,0,1615295828,False,IN_SERVICE,1,1,1,1,0
172,2,1,13,0,1615295740,False,IN_SERVICE,1,1,1,2,0
174,0,0,20,0,1615295924,False,IN_SERVICE,1,1,1,0,0
175,0,2,32,0,1615295838,False,IN_SERVICE,1,1,1,0,0
179,12,1,0,0,1615295919,False,IN_SERVICE,1,1,1,12,0
181,0,1,19,0,1615295890,False,IN_SERVICE,1,1,1,0,0
182,1,0,19,0,1615295808,False,IN_SERVICE,1,1,1,1,0
183,1,2,17,0,1615295863,False,IN_SERVICE,1,1,1,1,0
184,5,0,15,0,1615295916,False,IN_SERVICE,1,1,1,5,0
186,2,0,18,0,1615295761,False,IN_SERVICE,1,1,1,2,0
187,3,0,13,0,1615295787,False,IN_SERVICE,1,1,1,3,0
188,2,1,13,1,1615295773,False,IN_SERVICE,1,1,1,2,0
189,5,0,15,0,1615295868,False,IN_SERVICE,1,1,1,5,0
190,1,0,19,0,1615295919,False,IN_SERVICE,1,1,1,1,0
191,4,0,12,0,1615295713,False,IN_SERVICE,1,1,1,4,0
193,0,0,20,0,1615295939,False,IN_SERVICE,1,1,1,0,0
194,1,0,15,0,1615295886,False,IN_SERVICE,1,1,1,1,0
196,7,1,12,0,1615295729,False,IN_SERVICE,1,1,1,7,0
197,1,0,19,0,1615295849,False,IN_SERVICE,1,1,1,1,0
199,3,6,10,2,1615295695,False,IN_SERVICE,1,1,1,3,0
200,1,0,19,0,1615295733,False,IN_SERVICE,1,1,1,1,0
202,3,0,27,0,1615295839,False,IN_SERVICE,1,1,1,3,0
203,4,0,20,0,1615295829,False,IN_SERVICE,1,1,1,4,0
204,1,3,20,0,1615295735,False,IN_SERVICE,1,1,1,1,0
205,5,0,11,0,1615295824,False,IN_SERVICE,1,1,1,5,0
206,12,0,4,0,1615295784,False,IN_SERVICE,1,1,1,12,0
207,5,0,14,0,1615295837,False,IN_SERVICE,1,1,1,5,0
210,6,0,13,0,1615295890,False,IN_SERVICE,1,1,1,6,0
212,3,0,16,0,1615295792,False,IN_SERVICE,1,1,1,3,0
213,5,0,14,0,1615295899,False,IN_SERVICE,1,1,1,5,0
214,0,0,16,0,1615295758,False,IN_SERVICE,1,1,1,0,0
215,3,0,16,0,1615295933,False,IN_SERVICE,1,1,1,3,0
216,1,0,18,0,1615295734,False,IN_SERVICE,1,1,1,1,0
220,15,1,0,0,1615295815,False,IN_SERVICE,1,1,1,15,0
222,5,1,14,0,1615295827,False,IN_SERVICE,1,1,1,5,0
223,1,0,14,0,1615295869,False,IN_SERVICE,1,1,1,1,0
227,7,3,10,0,1615295776,False,IN_SERVICE,1,1,1,7,0
229,4,1,7,0,1615295781,False,IN_SERVICE,1,1,1,4,0
231,14,0,2,0,1615295908,False,IN_SERVICE,1,1,1,14,0
235,1,0,23,0,1615295856,False,IN_SERVICE,1,1,1,1,0
236,2,0,14,0,1615295871,False,IN_SERVICE,1,1,1,2,0
239,7,0,13,0,1615295772,False,IN_SERVICE,1,1,1,7,0
241,0,0,12,0,1615295768,False,IN_SERVICE,1,1,1,0,0
242,8,0,12,0,1615295864,False,IN_SERVICE,1,1,1,8,0
243,0,0,0,0,0,False,END_OF_LIFE,1,0,0,0,0
247,2,0,16,0,1615295942,False,IN_SERVICE,1,1,1,2,0
248,3,0,17,0,1615295736,False,IN_SERVICE,1,1,1,3,0
252,9,2,5,0,1615295941,False,IN_SERVICE,1,1,1,9,0
254,9,0,7,0,1615295715,False,IN_SERVICE,1,1,1,9,0
255,2,0,12,0,1615295842,False,IN_SERVICE,1,1,1,2,0
257,1,0,23,0,1615295832,False,IN_SERVICE,1,1,1,1,0
258,1,0,15,0,1615295867,False,IN_SERVICE,1,1,1,1,0
261,1,0,15,0,1615295911,False,IN_SERVICE,1,1,1,1,0
262,13,1,2,0,1615295937,False,IN_SERVICE,1,1,1,13,0
263,0,0,12,0,1615295891,False,IN_SERVICE,1,1,1,0,0
265,0,0,16,0,1615295727,False,IN_SERVICE,1,1,1,0,0
268,1,0,26,0,1615295764,False,IN_SERVICE,1,1,1,1,0
269,2,0,16,0,1615295811,False,IN_SERVICE,1,1,1,2,0
271,12,0,8,0,1615295754,False,IN_SERVICE,1,1,1,12,0
273,6,2,7,1,1615295903,False,IN_SERVICE,1,1,1,6,0
275,6,0,14,0,1615295875,False,IN_SERVICE,1,1,1,6,0
277,5,1,6,0,1615295888,False,IN_SERVICE,1,1,1,5,0
278,9,1,5,0,1615295695,False,IN_SERVICE,1,1,1,9,0
280,12,2,9,0,1615295729,False,IN_SERVICE,1,1,1,12,0
281,9,0,15,0,1615295940,False,IN_SERVICE,1,1,1,9,0
284,9,2,9,0,1615295757,False,IN_SERVICE,1,1,1,9,0
289,10,0,14,0,1615295880,False,IN_SERVICE,1,1,1,10,0
291,4,1,11,0,1615295928,False,IN_SERVICE,1,1,1,4,0
299,3,0,16,0,1615295801,False,IN_SERVICE,1,1,1,3,0
301,0,0,20,0,1615295733,False,IN_SERVICE,1,1,1,0,0
302,7,1,8,0,1615295860,False,IN_SERVICE,1,1,1,7,0
304,0,0,16,0,1615295830,False,IN_SERVICE,1,0,1,0,0
308,8,0,12,0,1615295830,False,IN_SERVICE,1,1,1,8,0
311,1,0,18,0,1615295695,False,IN_SERVICE,1,1,1,1,0
315,0,0,0,0,0,False,END_OF_LIFE,1,0,0,0,0
316,15,0,1,0,1615295872,False,IN_SERVICE,1,1,1,15,0
318,18,0,1,0,1615295803,False,IN_SERVICE,1,1,1,18,0
322,12,1,7,0,1615295836,False,IN_SERVICE,1,1,1,12,0
323,0,2,22,0,1615295899,False,IN_SERVICE,1,1,1,0,0
329,2,0,18,0,1615295917,False,IN_SERVICE,1,1,1,2,0
331,0,0,0,0,0,False,END_OF_LIFE,1,0,0,0,0
333,0,0,20,0,1615295705,False,IN_SERVICE,1,1,1,0,0
334,0,0,0,0,0,False,END_OF_LIFE,1,0,0,0,0
335,15,0,5,0,1615295775,False,IN_SERVICE,1,1,1,15,0
336,0,0,28,0,1615295877,False,IN_SERVICE,1,0,1,0,0
344,0,0,0,0,0,False,END_OF_LIFE,1,0,0,0,0
346,0,0,0,0,0,False,END_OF_LIFE,1,0,0,0,0
353,3,0,17,0,1615295802,False,IN_SERVICE,1,1,1,3,0
355,3,0,13,0,1615295946,False,IN_SERVICE,1,1,1,3,0
357,0,0,0,0,0,False,END_OF_LIFE,1,0,0,0,0
358,9,0,2,0,1615295794,False,IN_SERVICE,1,1,1,9,0
359,6,1,13,0,1615295846,False,IN_SERVICE,1,1,1,6,0
360,0,0,0,0,0,False,END_OF_LIFE,1,0,0,0,0
361,4,0,16,0,1615295924,False,IN_SERVICE,1,1,1,4,0
363,1,0,15,1,1615295781,False,IN_SERVICE,1,1,1,1,0
364,1,1,21,0,1615295782,False,IN_SERVICE,1,1,1,1,0
365,0,0,0,0,0,False,END_OF_LIFE,1,0,0,0,0
368,0,0,12,1,1615295854,False,IN_SERVICE,1,1,1,0,0
376,10,0,10,0,1615295763,False,IN_SERVICE,1,1,1,10,0
387,14,0,1,0,1615295860,False,IN_SERVICE,1,1,1,14,0
392,2,0,14,0,1615295775,False,IN_SERVICE,1,1,1,2,0
407,0,0,28,0,1615295692,False,IN_SERVICE,1,1,1,0,0
416,0,1,27,0,1615295722,False,IN_SERVICE,1,1,1,0,0
424,14,0,2,0,1615295746,False,IN_SERVICE,1,1,1,14,0
426,4,1,14,0,1615295838,False,IN_SERVICE,1,1,1,4,0
432,2,0,18,0,1615295785,False,IN_SERVICE,1,1,1,2,0
433,13,0,7,0,1615295922,False,IN_SERVICE,1,1,1,13,0
435,14,2,0,0,1615295796,False,IN_SERVICE,1,1,1,14,0
441,3,0,17,0,1615295803,False,IN_SERVICE,1,1,1,3,0
444,5,0,19,0,1615295768,False,IN_SERVICE,1,1,1,5,0
448,5,1,18,0,1615295742,False,IN_SERVICE,1,1,1,5,0
449,9,2,13,0,1615295773,False,IN_SERVICE,1,1,1,9,0
